[0.000000] (-) TimerEvent: {}
[0.002472] (autopatrol_interfaces) JobQueued: {'identifier': 'autopatrol_interfaces', 'dependencies': OrderedDict()}
[0.002562] (autopatrol_robot) JobQueued: {'identifier': 'autopatrol_robot', 'dependencies': OrderedDict()}
[0.002591] (zzs_application) JobQueued: {'identifier': 'zzs_application', 'dependencies': OrderedDict()}
[0.002614] (zzs_description) JobQueued: {'identifier': 'zzs_description', 'dependencies': OrderedDict()}
[0.002635] (zzs_navigation2) JobQueued: {'identifier': 'zzs_navigation2', 'dependencies': OrderedDict()}
[0.002658] (autopatrol_interfaces) JobStarted: {'identifier': 'autopatrol_interfaces'}
[0.028860] (autopatrol_robot) JobStarted: {'identifier': 'autopatrol_robot'}
[0.055210] (autopatrol_interfaces) JobProgress: {'identifier': 'autopatrol_interfaces', 'progress': 'cmake'}
[0.056616] (autopatrol_interfaces) Command: {'cmd': ['/usr/bin/cmake', '/home/zzs/workspace/ros2/ros2_study/chapt7/chapt7_ws/src/autopatrol_interfaces', '-DCMAKE_INSTALL_PREFIX=/home/zzs/workspace/ros2/ros2_study/chapt7/chapt7_ws/install/autopatrol_interfaces'], 'cwd': '/home/zzs/workspace/ros2/ros2_study/chapt7/chapt7_ws/build/autopatrol_interfaces', 'env': OrderedDict([('PYTHON_BASIC_REPL', '1'), ('LESSOPEN', '| /usr/bin/lesspipe %s'), ('USER', 'zzs'), ('XDG_SESSION_TYPE', 'wayland'), ('GIT_ASKPASS', '/usr/share/code/resources/app/extensions/git/dist/askpass.sh'), ('SHLVL', '2'), ('LD_LIBRARY_PATH', '/usr/lib/x86_64-linux-gnu/gazebo-11/plugins:/opt/ros/humble/opt/rviz_ogre_vendor/lib:/opt/ros/humble/lib/x86_64-linux-gnu:/opt/ros/humble/lib'), ('HOME', '/home/zzs'), ('CHROME_DESKTOP', 'code.desktop'), ('TERM_PROGRAM_VERSION', '1.137.0'), ('DESKTOP_SESSION', 'ubuntu'), ('ROS_PYTHON_VERSION', '3'), ('GNOME_SHELL_SESSION_MODE', 'ubuntu'), ('GTK_MODULES', 'gail:atk-bridge'), ('VSCODE_GIT_ASKPASS_MAIN', '/usr/share/code/resources/app/extensions/git/dist/askpass-main.js'), ('VSCODE_GIT_ASKPASS_NODE', '/usr/share/code/code'), ('PYDEVD_DISABLE_FILE_VALIDATION', '1'), ('DBUS_STARTER_BUS_TYPE', 'session'), ('SYSTEMD_EXEC_PID', '1214'), ('BUNDLED_DEBUGPY_PATH', '/home/zzs/.vscode/extensions/ms-python.debugpy-2026.6.0-linux-x64/bundled/libs/debugpy'), ('VSCODE_PYTHON_AUTOACTIVATE_GUARD', '1'), ('DBUS_SESSION_BUS_ADDRESS', 'unix:path=/run/user/1000/bus,guid=05e5810c991e130404bb581e6aa7e806'), ('COLORTERM', 'truecolor'), ('IM_CONFIG_PHASE', '1'), ('WAYLAND_DISPLAY', 'wayland-0'), ('ROS_DISTRO', 'humble'), ('LOGNAME', 'zzs'), ('_', '/usr/bin/colcon'), ('ROS_VERSION', '2'), ('XDG_SESSION_CLASS', 'user'), ('USERNAME', 'zzs'), ('TERM', 'xterm-256color'), ('GNOME_DESKTOP_SESSION_ID', 'this-is-deprecated'), ('FC_FONTATIONS', '1'), ('ROS_LOCALHOST_ONLY', '0'), ('PATH', '/opt/ros/humble/bin:/usr/local/sbin:/usr/local/bin:/usr/sbin:/usr/bin:/sbin:/bin:/usr/games:/usr/local/games:/snap/bin:/snap/bin:/home/zzs/.vscode/extensions/ms-python.debugpy-2026.6.0-linux-x64/bundled/scripts/noConfigScripts'), ('SESSION_MANAGER', 'local/zzs-virtual-machine:@/tmp/.ICE-unix/1214,unix/zzs-virtual-machine:/tmp/.ICE-unix/1214'), ('XDG_MENU_PREFIX', 'gnome-'), ('GNOME_TERMINAL_SCREEN', '/org/gnome/Terminal/screen/97dfa721_95c6_4778_9959_a3ec9d1a717c'), ('GNOME_SETUP_DISPLAY', ':1'), ('XDG_RUNTIME_DIR', '/run/user/1000'), ('GDK_BACKEND', 'wayland'), ('DISPLAY', ':0'), ('VSCODE_DEBUGPY_ADAPTER_ENDPOINTS', '/home/zzs/.vscode/extensions/ms-python.debugpy-2026.6.0-linux-x64/.noConfigDebugAdapterEndpoints/endpoint-ea54c2323ddbdc0f.txt'), ('LANG', 'en_US.UTF-8'), ('XDG_CURRENT_DESKTOP', 'ubuntu:GNOME'), ('PYTHONSTARTUP', '/home/zzs/.config/Code/User/workspaceStorage/66decf5cf11c7070c2f4eb1744a31051/ms-python.python/pythonrc.py'), ('XMODIFIERS', '@im=ibus'), ('XDG_SESSION_DESKTOP', 'ubuntu'), ('XAUTHORITY', '/run/user/1000/.mutter-Xwaylandauth.HY2SV3'), ('LS_COLORS', 'rs=0:di=01;34:ln=01;36:mh=00:pi=40;33:so=01;35:do=01;35:bd=40;33;01:cd=40;33;01:or=40;31;01:mi=00:su=37;41:sg=30;43:ca=30;41:tw=30;42:ow=34;42:st=37;44:ex=01;32:*.tar=01;31:*.tgz=01;31:*.arc=01;31:*.arj=01;31:*.taz=01;31:*.lha=01;31:*.lz4=01;31:*.lzh=01;31:*.lzma=01;31:*.tlz=01;31:*.txz=01;31:*.tzo=01;31:*.t7z=01;31:*.zip=01;31:*.z=01;31:*.dz=01;31:*.gz=01;31:*.lrz=01;31:*.lz=01;31:*.lzo=01;31:*.xz=01;31:*.zst=01;31:*.tzst=01;31:*.bz2=01;31:*.bz=01;31:*.tbz=01;31:*.tbz2=01;31:*.tz=01;31:*.deb=01;31:*.rpm=01;31:*.jar=01;31:*.war=01;31:*.ear=01;31:*.sar=01;31:*.rar=01;31:*.alz=01;31:*.ace=01;31:*.zoo=01;31:*.cpio=01;31:*.7z=01;31:*.rz=01;31:*.cab=01;31:*.wim=01;31:*.swm=01;31:*.dwm=01;31:*.esd=01;31:*.jpg=01;35:*.jpeg=01;35:*.mjpg=01;35:*.mjpeg=01;35:*.gif=01;35:*.bmp=01;35:*.pbm=01;35:*.pgm=01;35:*.ppm=01;35:*.tga=01;35:*.xbm=01;35:*.xpm=01;35:*.tif=01;35:*.tiff=01;35:*.png=01;35:*.svg=01;35:*.svgz=01;35:*.mng=01;35:*.pcx=01;35:*.mov=01;35:*.mpg=01;35:*.mpeg=01;35:*.m2v=01;35:*.mkv=01;35:*.webm=01;35:*.webp=01;35:*.ogm=01;35:*.mp4=01;35:*.m4v=01;35:*.mp4v=01;35:*.vob=01;35:*.qt=01;35:*.nuv=01;35:*.wmv=01;35:*.asf=01;35:*.rm=01;35:*.rmvb=01;35:*.flc=01;35:*.avi=01;35:*.fli=01;35:*.flv=01;35:*.gl=01;35:*.dl=01;35:*.xcf=01;35:*.xwd=01;35:*.yuv=01;35:*.cgm=01;35:*.emf=01;35:*.ogv=01;35:*.ogx=01;35:*.aac=00;36:*.au=00;36:*.flac=00;36:*.m4a=00;36:*.mid=00;36:*.midi=00;36:*.mka=00;36:*.mp3=00;36:*.mpc=00;36:*.ogg=00;36:*.ra=00;36:*.wav=00;36:*.oga=00;36:*.opus=00;36:*.spx=00;36:*.xspf=00;36:'), ('VSCODE_GIT_IPC_HANDLE', '/run/user/1000/vscode-git-763bc90ed1.sock'), ('GNOME_TERMINAL_SERVICE', ':1.103'), ('TERM_PROGRAM', 'vscode'), ('SSH_AGENT_LAUNCHER', 'gnome-keyring'), ('SSH_AUTH_SOCK', '/run/user/1000/keyring/ssh'), ('AMENT_PREFIX_PATH', '/opt/ros/humble'), ('SHELL', '/bin/bash'), ('QT_ACCESSIBILITY', '1'), ('GDMSESSION', 'ubuntu'), ('LESSCLOSE', '/usr/bin/lesspipe %s %s'), ('VSCODE_GIT_ASKPASS_EXTRA_ARGS', ''), ('QT_IM_MODULE', 'ibus'), ('PWD', '/home/zzs/workspace/ros2/ros2_study/chapt7/chapt7_ws/build/autopatrol_interfaces'), ('LC_ALL', 'en_US.UTF-8'), ('XDG_CONFIG_DIRS', '/etc/xdg/xdg-ubuntu:/etc/xdg'), ('DBUS_STARTER_ADDRESS', 'unix:path=/run/user/1000/bus,guid=05e5810c991e130404bb581e6aa7e806'), ('XDG_DATA_DIRS', '/usr/share/ubuntu:/usr/local/share/:/usr/share/:/var/lib/snapd/desktop'), ('PYTHONPATH', '/opt/ros/humble/lib/python3.10/site-packages:/opt/ros/humble/local/lib/python3.10/dist-packages'), ('COLCON', '1'), ('VTE_VERSION', '6800'), ('CMAKE_PREFIX_PATH', '/opt/ros/humble')]), 'shell': False}
[0.101928] (-) TimerEvent: {}
[0.202871] (-) TimerEvent: {}
[0.304827] (-) TimerEvent: {}
[0.381948] (autopatrol_interfaces) StdoutLine: {'line': b'-- The C compiler identification is GNU 11.4.0\n'}
[0.405463] (-) TimerEvent: {}
[0.506310] (-) TimerEvent: {}
[0.607138] (-) TimerEvent: {}
[0.709600] (-) TimerEvent: {}
[0.718083] (autopatrol_interfaces) StdoutLine: {'line': b'-- The CXX compiler identification is GNU 11.4.0\n'}
[0.758814] (autopatrol_interfaces) StdoutLine: {'line': b'-- Detecting C compiler ABI info\n'}
[0.810091] (-) TimerEvent: {}
[0.912771] (-) TimerEvent: {}
[0.980664] (autopatrol_interfaces) StdoutLine: {'line': b'-- Detecting C compiler ABI info - done\n'}
[0.994844] (autopatrol_interfaces) StdoutLine: {'line': b'-- Check for working C compiler: /usr/bin/cc - skipped\n'}
[0.999475] (autopatrol_interfaces) StdoutLine: {'line': b'-- Detecting C compile features\n'}
[1.000917] (autopatrol_interfaces) StdoutLine: {'line': b'-- Detecting C compile features - done\n'}
[1.007932] (autopatrol_interfaces) StdoutLine: {'line': b'-- Detecting CXX compiler ABI info\n'}
[1.013203] (-) TimerEvent: {}
[1.114284] (-) TimerEvent: {}
[1.193650] (autopatrol_interfaces) StdoutLine: {'line': b'-- Detecting CXX compiler ABI info - done\n'}
[1.200304] (autopatrol_interfaces) StdoutLine: {'line': b'-- Check for working CXX compiler: /usr/bin/c++ - skipped\n'}
[1.201345] (autopatrol_interfaces) StdoutLine: {'line': b'-- Detecting CXX compile features\n'}
[1.202352] (autopatrol_interfaces) StdoutLine: {'line': b'-- Detecting CXX compile features - done\n'}
[1.212786] (autopatrol_interfaces) StdoutLine: {'line': b'-- Found ament_cmake: 1.3.14 (/opt/ros/humble/share/ament_cmake/cmake)\n'}
[1.214625] (-) TimerEvent: {}
[1.318694] (-) TimerEvent: {}
[1.419550] (-) TimerEvent: {}
[1.520045] (-) TimerEvent: {}
[1.590098] (autopatrol_interfaces) StdoutLine: {'line': b'-- Found Python3: /usr/bin/python3 (found version "3.10.12") found components: Interpreter \n'}
[1.620213] (-) TimerEvent: {}
[1.721386] (-) TimerEvent: {}
[1.811829] (autopatrol_interfaces) StdoutLine: {'line': b'-- Found rosidl_default_generators: 1.2.1 (/opt/ros/humble/share/rosidl_default_generators/cmake)\n'}
[1.821961] (-) TimerEvent: {}
[1.823981] (autopatrol_interfaces) StdoutLine: {'line': b'-- Using all available rosidl_typesupport_c: rosidl_typesupport_fastrtps_c;rosidl_typesupport_introspection_c\n'}
[1.843528] (autopatrol_interfaces) StdoutLine: {'line': b'-- Found rosidl_adapter: 3.1.9 (/opt/ros/humble/share/rosidl_adapter/cmake)\n'}
[1.902427] (autopatrol_robot) Command: {'cmd': ['/usr/bin/python3', '-W', 'ignore:setup.py install is deprecated', '-W', 'ignore:easy_install command is deprecated', 'setup.py', 'egg_info', '--egg-base', '../../build/autopatrol_robot', 'build', '--build-base', '/home/zzs/workspace/ros2/ros2_study/chapt7/chapt7_ws/build/autopatrol_robot/build', 'install', '--record', '/home/zzs/workspace/ros2/ros2_study/chapt7/chapt7_ws/build/autopatrol_robot/install.log', '--install-scripts', '$base/lib/autopatrol_robot', '--single-version-externally-managed', 'install_data'], 'cwd': '/home/zzs/workspace/ros2/ros2_study/chapt7/chapt7_ws/src/autopatrol_robot', 'env': OrderedDict([('PYTHON_BASIC_REPL', '1'), ('LESSOPEN', '| /usr/bin/lesspipe %s'), ('USER', 'zzs'), ('XDG_SESSION_TYPE', 'wayland'), ('GIT_ASKPASS', '/usr/share/code/resources/app/extensions/git/dist/askpass.sh'), ('SHLVL', '2'), ('LD_LIBRARY_PATH', '/usr/lib/x86_64-linux-gnu/gazebo-11/plugins:/opt/ros/humble/opt/rviz_ogre_vendor/lib:/opt/ros/humble/lib/x86_64-linux-gnu:/opt/ros/humble/lib'), ('HOME', '/home/zzs'), ('CHROME_DESKTOP', 'code.desktop'), ('TERM_PROGRAM_VERSION', '1.137.0'), ('DESKTOP_SESSION', 'ubuntu'), ('ROS_PYTHON_VERSION', '3'), ('GNOME_SHELL_SESSION_MODE', 'ubuntu'), ('GTK_MODULES', 'gail:atk-bridge'), ('VSCODE_GIT_ASKPASS_MAIN', '/usr/share/code/resources/app/extensions/git/dist/askpass-main.js'), ('VSCODE_GIT_ASKPASS_NODE', '/usr/share/code/code'), ('PYDEVD_DISABLE_FILE_VALIDATION', '1'), ('DBUS_STARTER_BUS_TYPE', 'session'), ('SYSTEMD_EXEC_PID', '1214'), ('BUNDLED_DEBUGPY_PATH', '/home/zzs/.vscode/extensions/ms-python.debugpy-2026.6.0-linux-x64/bundled/libs/debugpy'), ('VSCODE_PYTHON_AUTOACTIVATE_GUARD', '1'), ('DBUS_SESSION_BUS_ADDRESS', 'unix:path=/run/user/1000/bus,guid=05e5810c991e130404bb581e6aa7e806'), ('COLORTERM', 'truecolor'), ('IM_CONFIG_PHASE', '1'), ('WAYLAND_DISPLAY', 'wayland-0'), ('ROS_DISTRO', 'humble'), ('LOGNAME', 'zzs'), ('_', '/usr/bin/colcon'), ('ROS_VERSION', '2'), ('XDG_SESSION_CLASS', 'user'), ('USERNAME', 'zzs'), ('TERM', 'xterm-256color'), ('GNOME_DESKTOP_SESSION_ID', 'this-is-deprecated'), ('FC_FONTATIONS', '1'), ('ROS_LOCALHOST_ONLY', '0'), ('PATH', '/opt/ros/humble/bin:/usr/local/sbin:/usr/local/bin:/usr/sbin:/usr/bin:/sbin:/bin:/usr/games:/usr/local/games:/snap/bin:/snap/bin:/home/zzs/.vscode/extensions/ms-python.debugpy-2026.6.0-linux-x64/bundled/scripts/noConfigScripts'), ('SESSION_MANAGER', 'local/zzs-virtual-machine:@/tmp/.ICE-unix/1214,unix/zzs-virtual-machine:/tmp/.ICE-unix/1214'), ('XDG_MENU_PREFIX', 'gnome-'), ('GNOME_TERMINAL_SCREEN', '/org/gnome/Terminal/screen/97dfa721_95c6_4778_9959_a3ec9d1a717c'), ('GNOME_SETUP_DISPLAY', ':1'), ('XDG_RUNTIME_DIR', '/run/user/1000'), ('GDK_BACKEND', 'wayland'), ('DISPLAY', ':0'), ('VSCODE_DEBUGPY_ADAPTER_ENDPOINTS', '/home/zzs/.vscode/extensions/ms-python.debugpy-2026.6.0-linux-x64/.noConfigDebugAdapterEndpoints/endpoint-ea54c2323ddbdc0f.txt'), ('LANG', 'en_US.UTF-8'), ('XDG_CURRENT_DESKTOP', 'ubuntu:GNOME'), ('PYTHONSTARTUP', '/home/zzs/.config/Code/User/workspaceStorage/66decf5cf11c7070c2f4eb1744a31051/ms-python.python/pythonrc.py'), ('XMODIFIERS', '@im=ibus'), ('XDG_SESSION_DESKTOP', 'ubuntu'), ('XAUTHORITY', '/run/user/1000/.mutter-Xwaylandauth.HY2SV3'), ('LS_COLORS', 'rs=0:di=01;34:ln=01;36:mh=00:pi=40;33:so=01;35:do=01;35:bd=40;33;01:cd=40;33;01:or=40;31;01:mi=00:su=37;41:sg=30;43:ca=30;41:tw=30;42:ow=34;42:st=37;44:ex=01;32:*.tar=01;31:*.tgz=01;31:*.arc=01;31:*.arj=01;31:*.taz=01;31:*.lha=01;31:*.lz4=01;31:*.lzh=01;31:*.lzma=01;31:*.tlz=01;31:*.txz=01;31:*.tzo=01;31:*.t7z=01;31:*.zip=01;31:*.z=01;31:*.dz=01;31:*.gz=01;31:*.lrz=01;31:*.lz=01;31:*.lzo=01;31:*.xz=01;31:*.zst=01;31:*.tzst=01;31:*.bz2=01;31:*.bz=01;31:*.tbz=01;31:*.tbz2=01;31:*.tz=01;31:*.deb=01;31:*.rpm=01;31:*.jar=01;31:*.war=01;31:*.ear=01;31:*.sar=01;31:*.rar=01;31:*.alz=01;31:*.ace=01;31:*.zoo=01;31:*.cpio=01;31:*.7z=01;31:*.rz=01;31:*.cab=01;31:*.wim=01;31:*.swm=01;31:*.dwm=01;31:*.esd=01;31:*.jpg=01;35:*.jpeg=01;35:*.mjpg=01;35:*.mjpeg=01;35:*.gif=01;35:*.bmp=01;35:*.pbm=01;35:*.pgm=01;35:*.ppm=01;35:*.tga=01;35:*.xbm=01;35:*.xpm=01;35:*.tif=01;35:*.tiff=01;35:*.png=01;35:*.svg=01;35:*.svgz=01;35:*.mng=01;35:*.pcx=01;35:*.mov=01;35:*.mpg=01;35:*.mpeg=01;35:*.m2v=01;35:*.mkv=01;35:*.webm=01;35:*.webp=01;35:*.ogm=01;35:*.mp4=01;35:*.m4v=01;35:*.mp4v=01;35:*.vob=01;35:*.qt=01;35:*.nuv=01;35:*.wmv=01;35:*.asf=01;35:*.rm=01;35:*.rmvb=01;35:*.flc=01;35:*.avi=01;35:*.fli=01;35:*.flv=01;35:*.gl=01;35:*.dl=01;35:*.xcf=01;35:*.xwd=01;35:*.yuv=01;35:*.cgm=01;35:*.emf=01;35:*.ogv=01;35:*.ogx=01;35:*.aac=00;36:*.au=00;36:*.flac=00;36:*.m4a=00;36:*.mid=00;36:*.midi=00;36:*.mka=00;36:*.mp3=00;36:*.mpc=00;36:*.ogg=00;36:*.ra=00;36:*.wav=00;36:*.oga=00;36:*.opus=00;36:*.spx=00;36:*.xspf=00;36:'), ('VSCODE_GIT_IPC_HANDLE', '/run/user/1000/vscode-git-763bc90ed1.sock'), ('GNOME_TERMINAL_SERVICE', ':1.103'), ('TERM_PROGRAM', 'vscode'), ('SSH_AGENT_LAUNCHER', 'gnome-keyring'), ('SSH_AUTH_SOCK', '/run/user/1000/keyring/ssh'), ('AMENT_PREFIX_PATH', '/opt/ros/humble'), ('SHELL', '/bin/bash'), ('QT_ACCESSIBILITY', '1'), ('GDMSESSION', 'ubuntu'), ('LESSCLOSE', '/usr/bin/lesspipe %s %s'), ('VSCODE_GIT_ASKPASS_EXTRA_ARGS', ''), ('QT_IM_MODULE', 'ibus'), ('PWD', '/home/zzs/workspace/ros2/ros2_study/chapt7/chapt7_ws/build/autopatrol_robot'), ('LC_ALL', 'en_US.UTF-8'), ('XDG_CONFIG_DIRS', '/etc/xdg/xdg-ubuntu:/etc/xdg'), ('DBUS_STARTER_ADDRESS', 'unix:path=/run/user/1000/bus,guid=05e5810c991e130404bb581e6aa7e806'), ('XDG_DATA_DIRS', '/usr/share/ubuntu:/usr/local/share/:/usr/share/:/var/lib/snapd/desktop'), ('PYTHONPATH', '/home/zzs/workspace/ros2/ros2_study/chapt7/chapt7_ws/build/autopatrol_robot/prefix_override:/usr/lib/python3/dist-packages/colcon_core/task/python/colcon_distutils_commands:/home/zzs/workspace/ros2/ros2_study/chapt7/chapt7_ws/install/autopatrol_robot/lib/python3.10/site-packages:/opt/ros/humble/lib/python3.10/site-packages:/opt/ros/humble/local/lib/python3.10/dist-packages'), ('COLCON', '1'), ('VTE_VERSION', '6800')]), 'shell': False}
[1.923324] (-) TimerEvent: {}
[1.966748] (autopatrol_interfaces) StdoutLine: {'line': b'-- Using all available rosidl_typesupport_cpp: rosidl_typesupport_fastrtps_cpp;rosidl_typesupport_introspection_cpp\n'}
[2.024851] (-) TimerEvent: {}
[2.065957] (autopatrol_interfaces) StdoutLine: {'line': b'-- Found ament_lint_auto: 0.12.15 (/opt/ros/humble/share/ament_lint_auto/cmake)\n'}
[2.125157] (-) TimerEvent: {}
[2.168702] (autopatrol_robot) StdoutLine: {'line': b'running egg_info\n'}
[2.169827] (autopatrol_robot) StdoutLine: {'line': b'creating ../../build/autopatrol_robot/autopatrol_robot.egg-info\n'}
[2.171075] (autopatrol_robot) StdoutLine: {'line': b'writing ../../build/autopatrol_robot/autopatrol_robot.egg-info/PKG-INFO\n'}
[2.172181] (autopatrol_robot) StdoutLine: {'line': b'writing dependency_links to ../../build/autopatrol_robot/autopatrol_robot.egg-info/dependency_links.txt\n'}
[2.172789] (autopatrol_robot) StdoutLine: {'line': b'writing entry points to ../../build/autopatrol_robot/autopatrol_robot.egg-info/entry_points.txt\n'}
[2.173795] (autopatrol_robot) StdoutLine: {'line': b'writing requirements to ../../build/autopatrol_robot/autopatrol_robot.egg-info/requires.txt\n'}
[2.173863] (autopatrol_robot) StdoutLine: {'line': b'writing top-level names to ../../build/autopatrol_robot/autopatrol_robot.egg-info/top_level.txt\n'}
[2.173913] (autopatrol_robot) StdoutLine: {'line': b"writing manifest file '../../build/autopatrol_robot/autopatrol_robot.egg-info/SOURCES.txt'\n"}
[2.177135] (autopatrol_robot) StdoutLine: {'line': b"reading manifest file '../../build/autopatrol_robot/autopatrol_robot.egg-info/SOURCES.txt'\n"}
[2.178154] (autopatrol_robot) StdoutLine: {'line': b"writing manifest file '../../build/autopatrol_robot/autopatrol_robot.egg-info/SOURCES.txt'\n"}
[2.178462] (autopatrol_robot) StdoutLine: {'line': b'running build\n'}
[2.178825] (autopatrol_robot) StdoutLine: {'line': b'running build_py\n'}
[2.179394] (autopatrol_robot) StdoutLine: {'line': b'creating /home/zzs/workspace/ros2/ros2_study/chapt7/chapt7_ws/build/autopatrol_robot/build\n'}
[2.179516] (autopatrol_robot) StdoutLine: {'line': b'creating /home/zzs/workspace/ros2/ros2_study/chapt7/chapt7_ws/build/autopatrol_robot/build/lib\n'}
[2.180395] (autopatrol_robot) StdoutLine: {'line': b'creating /home/zzs/workspace/ros2/ros2_study/chapt7/chapt7_ws/build/autopatrol_robot/build/lib/autopatrol_robot\n'}
[2.180462] (autopatrol_robot) StdoutLine: {'line': b'copying autopatrol_robot/speaker.py -> /home/zzs/workspace/ros2/ros2_study/chapt7/chapt7_ws/build/autopatrol_robot/build/lib/autopatrol_robot\n'}
[2.182242] (autopatrol_robot) StdoutLine: {'line': b'copying autopatrol_robot/__init__.py -> /home/zzs/workspace/ros2/ros2_study/chapt7/chapt7_ws/build/autopatrol_robot/build/lib/autopatrol_robot\n'}
[2.182831] (autopatrol_robot) StdoutLine: {'line': b'copying autopatrol_robot/patrol_node.py -> /home/zzs/workspace/ros2/ros2_study/chapt7/chapt7_ws/build/autopatrol_robot/build/lib/autopatrol_robot\n'}
[2.183186] (autopatrol_robot) StdoutLine: {'line': b'running install\n'}
[2.183248] (autopatrol_robot) StdoutLine: {'line': b'running install_lib\n'}
[2.184879] (autopatrol_robot) StdoutLine: {'line': b'creating /home/zzs/workspace/ros2/ros2_study/chapt7/chapt7_ws/install/autopatrol_robot/lib/python3.10/site-packages/autopatrol_robot\n'}
[2.185054] (autopatrol_robot) StdoutLine: {'line': b'copying /home/zzs/workspace/ros2/ros2_study/chapt7/chapt7_ws/build/autopatrol_robot/build/lib/autopatrol_robot/speaker.py -> /home/zzs/workspace/ros2/ros2_study/chapt7/chapt7_ws/install/autopatrol_robot/lib/python3.10/site-packages/autopatrol_robot\n'}
[2.185630] (autopatrol_robot) StdoutLine: {'line': b'copying /home/zzs/workspace/ros2/ros2_study/chapt7/chapt7_ws/build/autopatrol_robot/build/lib/autopatrol_robot/__init__.py -> /home/zzs/workspace/ros2/ros2_study/chapt7/chapt7_ws/install/autopatrol_robot/lib/python3.10/site-packages/autopatrol_robot\n'}
[2.185993] (autopatrol_robot) StdoutLine: {'line': b'copying /home/zzs/workspace/ros2/ros2_study/chapt7/chapt7_ws/build/autopatrol_robot/build/lib/autopatrol_robot/patrol_node.py -> /home/zzs/workspace/ros2/ros2_study/chapt7/chapt7_ws/install/autopatrol_robot/lib/python3.10/site-packages/autopatrol_robot\n'}
[2.187289] (autopatrol_robot) StdoutLine: {'line': b'byte-compiling /home/zzs/workspace/ros2/ros2_study/chapt7/chapt7_ws/install/autopatrol_robot/lib/python3.10/site-packages/autopatrol_robot/speaker.py to speaker.cpython-310.pyc\n'}
[2.187636] (autopatrol_robot) StdoutLine: {'line': b'byte-compiling /home/zzs/workspace/ros2/ros2_study/chapt7/chapt7_ws/install/autopatrol_robot/lib/python3.10/site-packages/autopatrol_robot/__init__.py to __init__.cpython-310.pyc\n'}
[2.189259] (autopatrol_robot) StdoutLine: {'line': b'byte-compiling /home/zzs/workspace/ros2/ros2_study/chapt7/chapt7_ws/install/autopatrol_robot/lib/python3.10/site-packages/autopatrol_robot/patrol_node.py to patrol_node.cpython-310.pyc\n'}
[2.191356] (autopatrol_robot) StdoutLine: {'line': b'running install_data\n'}
[2.191449] (autopatrol_robot) StdoutLine: {'line': b'creating /home/zzs/workspace/ros2/ros2_study/chapt7/chapt7_ws/install/autopatrol_robot/share/ament_index\n'}
[2.191504] (autopatrol_robot) StdoutLine: {'line': b'creating /home/zzs/workspace/ros2/ros2_study/chapt7/chapt7_ws/install/autopatrol_robot/share/ament_index/resource_index\n'}
[2.191550] (autopatrol_robot) StdoutLine: {'line': b'creating /home/zzs/workspace/ros2/ros2_study/chapt7/chapt7_ws/install/autopatrol_robot/share/ament_index/resource_index/packages\n'}
[2.191600] (autopatrol_robot) StdoutLine: {'line': b'copying resource/autopatrol_robot -> /home/zzs/workspace/ros2/ros2_study/chapt7/chapt7_ws/install/autopatrol_robot/share/ament_index/resource_index/packages\n'}
[2.191644] (autopatrol_robot) StdoutLine: {'line': b'copying package.xml -> /home/zzs/workspace/ros2/ros2_study/chapt7/chapt7_ws/install/autopatrol_robot/share/autopatrol_robot\n'}
[2.191685] (autopatrol_robot) StdoutLine: {'line': b'creating /home/zzs/workspace/ros2/ros2_study/chapt7/chapt7_ws/install/autopatrol_robot/share/autopatrol_robot/config\n'}
[2.191725] (autopatrol_robot) StdoutLine: {'line': b'copying config/patrol_config.yaml -> /home/zzs/workspace/ros2/ros2_study/chapt7/chapt7_ws/install/autopatrol_robot/share/autopatrol_robot/config\n'}
[2.191766] (autopatrol_robot) StdoutLine: {'line': b'creating /home/zzs/workspace/ros2/ros2_study/chapt7/chapt7_ws/install/autopatrol_robot/share/autopatrol_robot/launch\n'}
[2.191808] (autopatrol_robot) StdoutLine: {'line': b'copying launch/autopatrol.launch.py -> /home/zzs/workspace/ros2/ros2_study/chapt7/chapt7_ws/install/autopatrol_robot/share/autopatrol_robot/launch\n'}
[2.191879] (autopatrol_robot) StdoutLine: {'line': b'running install_egg_info\n'}
[2.193886] (autopatrol_robot) StdoutLine: {'line': b'Copying ../../build/autopatrol_robot/autopatrol_robot.egg-info to /home/zzs/workspace/ros2/ros2_study/chapt7/chapt7_ws/install/autopatrol_robot/lib/python3.10/site-packages/autopatrol_robot-0.0.0-py3.10.egg-info\n'}
[2.196475] (autopatrol_robot) StdoutLine: {'line': b'running install_scripts\n'}
[2.219074] (autopatrol_robot) StdoutLine: {'line': b'Installing patrol_node script to /home/zzs/workspace/ros2/ros2_study/chapt7/chapt7_ws/install/autopatrol_robot/lib/autopatrol_robot\n'}
[2.220256] (autopatrol_robot) StdoutLine: {'line': b'Installing speaker script to /home/zzs/workspace/ros2/ros2_study/chapt7/chapt7_ws/install/autopatrol_robot/lib/autopatrol_robot\n'}
[2.221576] (autopatrol_robot) StdoutLine: {'line': b"writing list of installed files to '/home/zzs/workspace/ros2/ros2_study/chapt7/chapt7_ws/build/autopatrol_robot/install.log'\n"}
[2.225836] (-) TimerEvent: {}
[2.268372] (autopatrol_robot) CommandEnded: {'returncode': 0}
[2.293581] (autopatrol_robot) JobEnded: {'identifier': 'autopatrol_robot', 'rc': 0}
[2.294041] (zzs_application) JobStarted: {'identifier': 'zzs_application'}
[2.326178] (-) TimerEvent: {}
[2.428827] (-) TimerEvent: {}
[2.482847] (autopatrol_interfaces) StdoutLine: {'line': b'-- Found ament_cmake_ros: 0.10.0 (/opt/ros/humble/share/ament_cmake_ros/cmake)\n'}
[2.529685] (-) TimerEvent: {}
[2.630357] (-) TimerEvent: {}
[2.731495] (-) TimerEvent: {}
[2.749363] (autopatrol_interfaces) StdoutLine: {'line': b'-- Using all available rosidl_typesupport_c: rosidl_typesupport_fastrtps_c;rosidl_typesupport_introspection_c\n'}
[2.832870] (-) TimerEvent: {}
[2.933832] (-) TimerEvent: {}
[3.034526] (-) TimerEvent: {}
[3.051708] (autopatrol_interfaces) StdoutLine: {'line': b'-- Using all available rosidl_typesupport_cpp: rosidl_typesupport_fastrtps_cpp;rosidl_typesupport_introspection_cpp\n'}
[3.082025] (autopatrol_interfaces) StdoutLine: {'line': b'-- Found PythonInterp: /usr/bin/python3 (found suitable version "3.10.12", minimum required is "3.6") \n'}
[3.086117] (autopatrol_interfaces) StdoutLine: {'line': b'-- Found python_cmake_module: 0.10.0 (/opt/ros/humble/share/python_cmake_module/cmake)\n'}
[3.111093] (zzs_application) Command: {'cmd': ['/usr/bin/python3', '-W', 'ignore:setup.py install is deprecated', '-W', 'ignore:easy_install command is deprecated', 'setup.py', 'egg_info', '--egg-base', '../../build/zzs_application', 'build', '--build-base', '/home/zzs/workspace/ros2/ros2_study/chapt7/chapt7_ws/build/zzs_application/build', 'install', '--record', '/home/zzs/workspace/ros2/ros2_study/chapt7/chapt7_ws/build/zzs_application/install.log', '--install-scripts', '$base/lib/zzs_application', '--single-version-externally-managed', 'install_data'], 'cwd': '/home/zzs/workspace/ros2/ros2_study/chapt7/chapt7_ws/src/zzs_application', 'env': OrderedDict([('PYTHON_BASIC_REPL', '1'), ('LESSOPEN', '| /usr/bin/lesspipe %s'), ('USER', 'zzs'), ('XDG_SESSION_TYPE', 'wayland'), ('GIT_ASKPASS', '/usr/share/code/resources/app/extensions/git/dist/askpass.sh'), ('SHLVL', '2'), ('LD_LIBRARY_PATH', '/usr/lib/x86_64-linux-gnu/gazebo-11/plugins:/opt/ros/humble/opt/rviz_ogre_vendor/lib:/opt/ros/humble/lib/x86_64-linux-gnu:/opt/ros/humble/lib'), ('HOME', '/home/zzs'), ('CHROME_DESKTOP', 'code.desktop'), ('TERM_PROGRAM_VERSION', '1.137.0'), ('DESKTOP_SESSION', 'ubuntu'), ('ROS_PYTHON_VERSION', '3'), ('GNOME_SHELL_SESSION_MODE', 'ubuntu'), ('GTK_MODULES', 'gail:atk-bridge'), ('VSCODE_GIT_ASKPASS_MAIN', '/usr/share/code/resources/app/extensions/git/dist/askpass-main.js'), ('VSCODE_GIT_ASKPASS_NODE', '/usr/share/code/code'), ('PYDEVD_DISABLE_FILE_VALIDATION', '1'), ('DBUS_STARTER_BUS_TYPE', 'session'), ('SYSTEMD_EXEC_PID', '1214'), ('BUNDLED_DEBUGPY_PATH', '/home/zzs/.vscode/extensions/ms-python.debugpy-2026.6.0-linux-x64/bundled/libs/debugpy'), ('VSCODE_PYTHON_AUTOACTIVATE_GUARD', '1'), ('DBUS_SESSION_BUS_ADDRESS', 'unix:path=/run/user/1000/bus,guid=05e5810c991e130404bb581e6aa7e806'), ('COLORTERM', 'truecolor'), ('IM_CONFIG_PHASE', '1'), ('WAYLAND_DISPLAY', 'wayland-0'), ('ROS_DISTRO', 'humble'), ('LOGNAME', 'zzs'), ('_', '/usr/bin/colcon'), ('ROS_VERSION', '2'), ('XDG_SESSION_CLASS', 'user'), ('USERNAME', 'zzs'), ('TERM', 'xterm-256color'), ('GNOME_DESKTOP_SESSION_ID', 'this-is-deprecated'), ('FC_FONTATIONS', '1'), ('ROS_LOCALHOST_ONLY', '0'), ('PATH', '/opt/ros/humble/bin:/usr/local/sbin:/usr/local/bin:/usr/sbin:/usr/bin:/sbin:/bin:/usr/games:/usr/local/games:/snap/bin:/snap/bin:/home/zzs/.vscode/extensions/ms-python.debugpy-2026.6.0-linux-x64/bundled/scripts/noConfigScripts'), ('SESSION_MANAGER', 'local/zzs-virtual-machine:@/tmp/.ICE-unix/1214,unix/zzs-virtual-machine:/tmp/.ICE-unix/1214'), ('XDG_MENU_PREFIX', 'gnome-'), ('GNOME_TERMINAL_SCREEN', '/org/gnome/Terminal/screen/97dfa721_95c6_4778_9959_a3ec9d1a717c'), ('GNOME_SETUP_DISPLAY', ':1'), ('XDG_RUNTIME_DIR', '/run/user/1000'), ('GDK_BACKEND', 'wayland'), ('DISPLAY', ':0'), ('VSCODE_DEBUGPY_ADAPTER_ENDPOINTS', '/home/zzs/.vscode/extensions/ms-python.debugpy-2026.6.0-linux-x64/.noConfigDebugAdapterEndpoints/endpoint-ea54c2323ddbdc0f.txt'), ('LANG', 'en_US.UTF-8'), ('XDG_CURRENT_DESKTOP', 'ubuntu:GNOME'), ('PYTHONSTARTUP', '/home/zzs/.config/Code/User/workspaceStorage/66decf5cf11c7070c2f4eb1744a31051/ms-python.python/pythonrc.py'), ('XMODIFIERS', '@im=ibus'), ('XDG_SESSION_DESKTOP', 'ubuntu'), ('XAUTHORITY', '/run/user/1000/.mutter-Xwaylandauth.HY2SV3'), ('LS_COLORS', 'rs=0:di=01;34:ln=01;36:mh=00:pi=40;33:so=01;35:do=01;35:bd=40;33;01:cd=40;33;01:or=40;31;01:mi=00:su=37;41:sg=30;43:ca=30;41:tw=30;42:ow=34;42:st=37;44:ex=01;32:*.tar=01;31:*.tgz=01;31:*.arc=01;31:*.arj=01;31:*.taz=01;31:*.lha=01;31:*.lz4=01;31:*.lzh=01;31:*.lzma=01;31:*.tlz=01;31:*.txz=01;31:*.tzo=01;31:*.t7z=01;31:*.zip=01;31:*.z=01;31:*.dz=01;31:*.gz=01;31:*.lrz=01;31:*.lz=01;31:*.lzo=01;31:*.xz=01;31:*.zst=01;31:*.tzst=01;31:*.bz2=01;31:*.bz=01;31:*.tbz=01;31:*.tbz2=01;31:*.tz=01;31:*.deb=01;31:*.rpm=01;31:*.jar=01;31:*.war=01;31:*.ear=01;31:*.sar=01;31:*.rar=01;31:*.alz=01;31:*.ace=01;31:*.zoo=01;31:*.cpio=01;31:*.7z=01;31:*.rz=01;31:*.cab=01;31:*.wim=01;31:*.swm=01;31:*.dwm=01;31:*.esd=01;31:*.jpg=01;35:*.jpeg=01;35:*.mjpg=01;35:*.mjpeg=01;35:*.gif=01;35:*.bmp=01;35:*.pbm=01;35:*.pgm=01;35:*.ppm=01;35:*.tga=01;35:*.xbm=01;35:*.xpm=01;35:*.tif=01;35:*.tiff=01;35:*.png=01;35:*.svg=01;35:*.svgz=01;35:*.mng=01;35:*.pcx=01;35:*.mov=01;35:*.mpg=01;35:*.mpeg=01;35:*.m2v=01;35:*.mkv=01;35:*.webm=01;35:*.webp=01;35:*.ogm=01;35:*.mp4=01;35:*.m4v=01;35:*.mp4v=01;35:*.vob=01;35:*.qt=01;35:*.nuv=01;35:*.wmv=01;35:*.asf=01;35:*.rm=01;35:*.rmvb=01;35:*.flc=01;35:*.avi=01;35:*.fli=01;35:*.flv=01;35:*.gl=01;35:*.dl=01;35:*.xcf=01;35:*.xwd=01;35:*.yuv=01;35:*.cgm=01;35:*.emf=01;35:*.ogv=01;35:*.ogx=01;35:*.aac=00;36:*.au=00;36:*.flac=00;36:*.m4a=00;36:*.mid=00;36:*.midi=00;36:*.mka=00;36:*.mp3=00;36:*.mpc=00;36:*.ogg=00;36:*.ra=00;36:*.wav=00;36:*.oga=00;36:*.opus=00;36:*.spx=00;36:*.xspf=00;36:'), ('VSCODE_GIT_IPC_HANDLE', '/run/user/1000/vscode-git-763bc90ed1.sock'), ('GNOME_TERMINAL_SERVICE', ':1.103'), ('TERM_PROGRAM', 'vscode'), ('SSH_AGENT_LAUNCHER', 'gnome-keyring'), ('SSH_AUTH_SOCK', '/run/user/1000/keyring/ssh'), ('AMENT_PREFIX_PATH', '/opt/ros/humble'), ('SHELL', '/bin/bash'), ('QT_ACCESSIBILITY', '1'), ('GDMSESSION', 'ubuntu'), ('LESSCLOSE', '/usr/bin/lesspipe %s %s'), ('VSCODE_GIT_ASKPASS_EXTRA_ARGS', ''), ('QT_IM_MODULE', 'ibus'), ('PWD', '/home/zzs/workspace/ros2/ros2_study/chapt7/chapt7_ws/build/zzs_application'), ('LC_ALL', 'en_US.UTF-8'), ('XDG_CONFIG_DIRS', '/etc/xdg/xdg-ubuntu:/etc/xdg'), ('DBUS_STARTER_ADDRESS', 'unix:path=/run/user/1000/bus,guid=05e5810c991e130404bb581e6aa7e806'), ('XDG_DATA_DIRS', '/usr/share/ubuntu:/usr/local/share/:/usr/share/:/var/lib/snapd/desktop'), ('PYTHONPATH', '/home/zzs/workspace/ros2/ros2_study/chapt7/chapt7_ws/build/zzs_application/prefix_override:/usr/lib/python3/dist-packages/colcon_core/task/python/colcon_distutils_commands:/home/zzs/workspace/ros2/ros2_study/chapt7/chapt7_ws/install/zzs_application/lib/python3.10/site-packages:/opt/ros/humble/lib/python3.10/site-packages:/opt/ros/humble/local/lib/python3.10/dist-packages'), ('COLCON', '1'), ('VTE_VERSION', '6800')]), 'shell': False}
[3.125516] (autopatrol_interfaces) StdoutLine: {'line': b'-- Found PythonLibs: /usr/lib/x86_64-linux-gnu/libpython3.10.so (found suitable version "3.10.12", minimum required is "3.5") \n'}
[3.126049] (autopatrol_interfaces) StdoutLine: {'line': b'-- Using PYTHON_EXECUTABLE: /usr/bin/python3\n'}
[3.126232] (autopatrol_interfaces) StdoutLine: {'line': b'-- Using PYTHON_INCLUDE_DIRS: /usr/include/python3.10\n'}
[3.126406] (autopatrol_interfaces) StdoutLine: {'line': b'-- Using PYTHON_LIBRARIES: /usr/lib/x86_64-linux-gnu/libpython3.10.so\n'}
[3.134959] (-) TimerEvent: {}
[3.159011] (autopatrol_interfaces) StdoutLine: {'line': b'-- Found PythonExtra: .so  \n'}
[3.235384] (-) TimerEvent: {}
[3.312623] (autopatrol_interfaces) StdoutLine: {'line': b'-- Configuring done\n'}
[3.336012] (-) TimerEvent: {}
[3.378779] (zzs_application) StdoutLine: {'line': b'running egg_info\n'}
[3.380997] (zzs_application) StdoutLine: {'line': b'writing ../../build/zzs_application/zzs_application.egg-info/PKG-INFO\n'}
[3.384704] (zzs_application) StdoutLine: {'line': b'writing dependency_links to ../../build/zzs_application/zzs_application.egg-info/dependency_links.txt\n'}
[3.384862] (zzs_application) StdoutLine: {'line': b'writing entry points to ../../build/zzs_application/zzs_application.egg-info/entry_points.txt\n'}
[3.386747] (zzs_application) StdoutLine: {'line': b'writing requirements to ../../build/zzs_application/zzs_application.egg-info/requires.txt\n'}
[3.388756] (zzs_application) StdoutLine: {'line': b'writing top-level names to ../../build/zzs_application/zzs_application.egg-info/top_level.txt\n'}
[3.392714] (zzs_application) StdoutLine: {'line': b"reading manifest file '../../build/zzs_application/zzs_application.egg-info/SOURCES.txt'\n"}
[3.396058] (zzs_application) StdoutLine: {'line': b"adding license file 'LICENSE'\n"}
[3.399038] (zzs_application) StdoutLine: {'line': b"writing manifest file '../../build/zzs_application/zzs_application.egg-info/SOURCES.txt'\n"}
[3.399177] (zzs_application) StdoutLine: {'line': b'running build\n'}
[3.399231] (zzs_application) StdoutLine: {'line': b'running build_py\n'}
[3.399277] (autopatrol_interfaces) StdoutLine: {'line': b'-- Generating done\n'}
[3.402104] (zzs_application) StdoutLine: {'line': b'running install\n'}
[3.402272] (zzs_application) StdoutLine: {'line': b'running install_lib\n'}
[3.404723] (zzs_application) StdoutLine: {'line': b'running install_data\n'}
[3.404916] (zzs_application) StdoutLine: {'line': b'running install_egg_info\n'}
[3.406907] (zzs_application) StdoutLine: {'line': b"removing '/home/zzs/workspace/ros2/ros2_study/chapt7/chapt7_ws/install/zzs_application/lib/python3.10/site-packages/zzs_application-0.0.0-py3.10.egg-info' (and everything under it)\n"}
[3.415951] (zzs_application) StdoutLine: {'line': b'Copying ../../build/zzs_application/zzs_application.egg-info to /home/zzs/workspace/ros2/ros2_study/chapt7/chapt7_ws/install/zzs_application/lib/python3.10/site-packages/zzs_application-0.0.0-py3.10.egg-info\n'}
[3.421198] (zzs_application) StdoutLine: {'line': b'running install_scripts\n'}
[3.425872] (autopatrol_interfaces) StdoutLine: {'line': b'-- Build files have been written to: /home/zzs/workspace/ros2/ros2_study/chapt7/chapt7_ws/build/autopatrol_interfaces\n'}
[3.436645] (-) TimerEvent: {}
[3.439856] (autopatrol_interfaces) CommandEnded: {'returncode': 0}
[3.441820] (autopatrol_interfaces) JobProgress: {'identifier': 'autopatrol_interfaces', 'progress': 'build'}
[3.447000] (autopatrol_interfaces) Command: {'cmd': ['/usr/bin/cmake', '--build', '/home/zzs/workspace/ros2/ros2_study/chapt7/chapt7_ws/build/autopatrol_interfaces', '--', '-j2', '-l2'], 'cwd': '/home/zzs/workspace/ros2/ros2_study/chapt7/chapt7_ws/build/autopatrol_interfaces', 'env': OrderedDict([('PYTHON_BASIC_REPL', '1'), ('LESSOPEN', '| /usr/bin/lesspipe %s'), ('USER', 'zzs'), ('XDG_SESSION_TYPE', 'wayland'), ('GIT_ASKPASS', '/usr/share/code/resources/app/extensions/git/dist/askpass.sh'), ('SHLVL', '2'), ('LD_LIBRARY_PATH', '/usr/lib/x86_64-linux-gnu/gazebo-11/plugins:/opt/ros/humble/opt/rviz_ogre_vendor/lib:/opt/ros/humble/lib/x86_64-linux-gnu:/opt/ros/humble/lib'), ('HOME', '/home/zzs'), ('CHROME_DESKTOP', 'code.desktop'), ('TERM_PROGRAM_VERSION', '1.137.0'), ('DESKTOP_SESSION', 'ubuntu'), ('ROS_PYTHON_VERSION', '3'), ('GNOME_SHELL_SESSION_MODE', 'ubuntu'), ('GTK_MODULES', 'gail:atk-bridge'), ('VSCODE_GIT_ASKPASS_MAIN', '/usr/share/code/resources/app/extensions/git/dist/askpass-main.js'), ('VSCODE_GIT_ASKPASS_NODE', '/usr/share/code/code'), ('PYDEVD_DISABLE_FILE_VALIDATION', '1'), ('DBUS_STARTER_BUS_TYPE', 'session'), ('SYSTEMD_EXEC_PID', '1214'), ('BUNDLED_DEBUGPY_PATH', '/home/zzs/.vscode/extensions/ms-python.debugpy-2026.6.0-linux-x64/bundled/libs/debugpy'), ('VSCODE_PYTHON_AUTOACTIVATE_GUARD', '1'), ('DBUS_SESSION_BUS_ADDRESS', 'unix:path=/run/user/1000/bus,guid=05e5810c991e130404bb581e6aa7e806'), ('COLORTERM', 'truecolor'), ('IM_CONFIG_PHASE', '1'), ('WAYLAND_DISPLAY', 'wayland-0'), ('ROS_DISTRO', 'humble'), ('LOGNAME', 'zzs'), ('_', '/usr/bin/colcon'), ('ROS_VERSION', '2'), ('XDG_SESSION_CLASS', 'user'), ('USERNAME', 'zzs'), ('TERM', 'xterm-256color'), ('GNOME_DESKTOP_SESSION_ID', 'this-is-deprecated'), ('FC_FONTATIONS', '1'), ('ROS_LOCALHOST_ONLY', '0'), ('PATH', '/opt/ros/humble/bin:/usr/local/sbin:/usr/local/bin:/usr/sbin:/usr/bin:/sbin:/bin:/usr/games:/usr/local/games:/snap/bin:/snap/bin:/home/zzs/.vscode/extensions/ms-python.debugpy-2026.6.0-linux-x64/bundled/scripts/noConfigScripts'), ('SESSION_MANAGER', 'local/zzs-virtual-machine:@/tmp/.ICE-unix/1214,unix/zzs-virtual-machine:/tmp/.ICE-unix/1214'), ('XDG_MENU_PREFIX', 'gnome-'), ('GNOME_TERMINAL_SCREEN', '/org/gnome/Terminal/screen/97dfa721_95c6_4778_9959_a3ec9d1a717c'), ('GNOME_SETUP_DISPLAY', ':1'), ('XDG_RUNTIME_DIR', '/run/user/1000'), ('GDK_BACKEND', 'wayland'), ('DISPLAY', ':0'), ('VSCODE_DEBUGPY_ADAPTER_ENDPOINTS', '/home/zzs/.vscode/extensions/ms-python.debugpy-2026.6.0-linux-x64/.noConfigDebugAdapterEndpoints/endpoint-ea54c2323ddbdc0f.txt'), ('LANG', 'en_US.UTF-8'), ('XDG_CURRENT_DESKTOP', 'ubuntu:GNOME'), ('PYTHONSTARTUP', '/home/zzs/.config/Code/User/workspaceStorage/66decf5cf11c7070c2f4eb1744a31051/ms-python.python/pythonrc.py'), ('XMODIFIERS', '@im=ibus'), ('XDG_SESSION_DESKTOP', 'ubuntu'), ('XAUTHORITY', '/run/user/1000/.mutter-Xwaylandauth.HY2SV3'), ('LS_COLORS', 'rs=0:di=01;34:ln=01;36:mh=00:pi=40;33:so=01;35:do=01;35:bd=40;33;01:cd=40;33;01:or=40;31;01:mi=00:su=37;41:sg=30;43:ca=30;41:tw=30;42:ow=34;42:st=37;44:ex=01;32:*.tar=01;31:*.tgz=01;31:*.arc=01;31:*.arj=01;31:*.taz=01;31:*.lha=01;31:*.lz4=01;31:*.lzh=01;31:*.lzma=01;31:*.tlz=01;31:*.txz=01;31:*.tzo=01;31:*.t7z=01;31:*.zip=01;31:*.z=01;31:*.dz=01;31:*.gz=01;31:*.lrz=01;31:*.lz=01;31:*.lzo=01;31:*.xz=01;31:*.zst=01;31:*.tzst=01;31:*.bz2=01;31:*.bz=01;31:*.tbz=01;31:*.tbz2=01;31:*.tz=01;31:*.deb=01;31:*.rpm=01;31:*.jar=01;31:*.war=01;31:*.ear=01;31:*.sar=01;31:*.rar=01;31:*.alz=01;31:*.ace=01;31:*.zoo=01;31:*.cpio=01;31:*.7z=01;31:*.rz=01;31:*.cab=01;31:*.wim=01;31:*.swm=01;31:*.dwm=01;31:*.esd=01;31:*.jpg=01;35:*.jpeg=01;35:*.mjpg=01;35:*.mjpeg=01;35:*.gif=01;35:*.bmp=01;35:*.pbm=01;35:*.pgm=01;35:*.ppm=01;35:*.tga=01;35:*.xbm=01;35:*.xpm=01;35:*.tif=01;35:*.tiff=01;35:*.png=01;35:*.svg=01;35:*.svgz=01;35:*.mng=01;35:*.pcx=01;35:*.mov=01;35:*.mpg=01;35:*.mpeg=01;35:*.m2v=01;35:*.mkv=01;35:*.webm=01;35:*.webp=01;35:*.ogm=01;35:*.mp4=01;35:*.m4v=01;35:*.mp4v=01;35:*.vob=01;35:*.qt=01;35:*.nuv=01;35:*.wmv=01;35:*.asf=01;35:*.rm=01;35:*.rmvb=01;35:*.flc=01;35:*.avi=01;35:*.fli=01;35:*.flv=01;35:*.gl=01;35:*.dl=01;35:*.xcf=01;35:*.xwd=01;35:*.yuv=01;35:*.cgm=01;35:*.emf=01;35:*.ogv=01;35:*.ogx=01;35:*.aac=00;36:*.au=00;36:*.flac=00;36:*.m4a=00;36:*.mid=00;36:*.midi=00;36:*.mka=00;36:*.mp3=00;36:*.mpc=00;36:*.ogg=00;36:*.ra=00;36:*.wav=00;36:*.oga=00;36:*.opus=00;36:*.spx=00;36:*.xspf=00;36:'), ('VSCODE_GIT_IPC_HANDLE', '/run/user/1000/vscode-git-763bc90ed1.sock'), ('GNOME_TERMINAL_SERVICE', ':1.103'), ('TERM_PROGRAM', 'vscode'), ('SSH_AGENT_LAUNCHER', 'gnome-keyring'), ('SSH_AUTH_SOCK', '/run/user/1000/keyring/ssh'), ('AMENT_PREFIX_PATH', '/opt/ros/humble'), ('SHELL', '/bin/bash'), ('QT_ACCESSIBILITY', '1'), ('GDMSESSION', 'ubuntu'), ('LESSCLOSE', '/usr/bin/lesspipe %s %s'), ('VSCODE_GIT_ASKPASS_EXTRA_ARGS', ''), ('QT_IM_MODULE', 'ibus'), ('PWD', '/home/zzs/workspace/ros2/ros2_study/chapt7/chapt7_ws/build/autopatrol_interfaces'), ('LC_ALL', 'en_US.UTF-8'), ('XDG_CONFIG_DIRS', '/etc/xdg/xdg-ubuntu:/etc/xdg'), ('DBUS_STARTER_ADDRESS', 'unix:path=/run/user/1000/bus,guid=05e5810c991e130404bb581e6aa7e806'), ('XDG_DATA_DIRS', '/usr/share/ubuntu:/usr/local/share/:/usr/share/:/var/lib/snapd/desktop'), ('PYTHONPATH', '/opt/ros/humble/lib/python3.10/site-packages:/opt/ros/humble/local/lib/python3.10/dist-packages'), ('COLCON', '1'), ('VTE_VERSION', '6800'), ('CMAKE_PREFIX_PATH', '/opt/ros/humble')]), 'shell': False}
[3.472935] (zzs_application) StdoutLine: {'line': b'Installing get_robot_pose script to /home/zzs/workspace/ros2/ros2_study/chapt7/chapt7_ws/install/zzs_application/lib/zzs_application\n'}
[3.474909] (zzs_application) StdoutLine: {'line': b'Installing init_robot_pose script to /home/zzs/workspace/ros2/ros2_study/chapt7/chapt7_ws/install/zzs_application/lib/zzs_application\n'}
[3.480077] (zzs_application) StdoutLine: {'line': b'Installing nav_to_pose script to /home/zzs/workspace/ros2/ros2_study/chapt7/chapt7_ws/install/zzs_application/lib/zzs_application\n'}
[3.480324] (zzs_application) StdoutLine: {'line': b'Installing waypoint_flollower script to /home/zzs/workspace/ros2/ros2_study/chapt7/chapt7_ws/install/zzs_application/lib/zzs_application\n'}
[3.481466] (zzs_application) StdoutLine: {'line': b"writing list of installed files to '/home/zzs/workspace/ros2/ros2_study/chapt7/chapt7_ws/build/zzs_application/install.log'\n"}
[3.539385] (-) TimerEvent: {}
[3.594020] (autopatrol_interfaces) StdoutLine: {'line': b'[  3%] \x1b[34m\x1b[1mGenerating C code for ROS interfaces\x1b[0m\n'}
[3.608213] (zzs_application) CommandEnded: {'returncode': 0}
[3.615718] (autopatrol_interfaces) StdoutLine: {'line': b'[  6%] \x1b[34m\x1b[1mGenerating C++ code for ROS interfaces\x1b[0m\n'}
[3.641471] (-) TimerEvent: {}
[3.643210] (zzs_application) JobEnded: {'identifier': 'zzs_application', 'rc': 0}
[3.649670] (zzs_description) JobStarted: {'identifier': 'zzs_description'}
[3.664294] (zzs_description) JobProgress: {'identifier': 'zzs_description', 'progress': 'cmake'}
[3.674666] (zzs_description) JobProgress: {'identifier': 'zzs_description', 'progress': 'build'}
[3.674775] (zzs_description) Command: {'cmd': ['/usr/bin/cmake', '--build', '/home/zzs/workspace/ros2/ros2_study/chapt7/chapt7_ws/build/zzs_description', '--', '-j2', '-l2'], 'cwd': '/home/zzs/workspace/ros2/ros2_study/chapt7/chapt7_ws/build/zzs_description', 'env': OrderedDict([('PYTHON_BASIC_REPL', '1'), ('LESSOPEN', '| /usr/bin/lesspipe %s'), ('USER', 'zzs'), ('XDG_SESSION_TYPE', 'wayland'), ('GIT_ASKPASS', '/usr/share/code/resources/app/extensions/git/dist/askpass.sh'), ('SHLVL', '2'), ('LD_LIBRARY_PATH', '/usr/lib/x86_64-linux-gnu/gazebo-11/plugins:/opt/ros/humble/opt/rviz_ogre_vendor/lib:/opt/ros/humble/lib/x86_64-linux-gnu:/opt/ros/humble/lib'), ('HOME', '/home/zzs'), ('CHROME_DESKTOP', 'code.desktop'), ('TERM_PROGRAM_VERSION', '1.137.0'), ('DESKTOP_SESSION', 'ubuntu'), ('ROS_PYTHON_VERSION', '3'), ('GNOME_SHELL_SESSION_MODE', 'ubuntu'), ('GTK_MODULES', 'gail:atk-bridge'), ('VSCODE_GIT_ASKPASS_MAIN', '/usr/share/code/resources/app/extensions/git/dist/askpass-main.js'), ('VSCODE_GIT_ASKPASS_NODE', '/usr/share/code/code'), ('PYDEVD_DISABLE_FILE_VALIDATION', '1'), ('DBUS_STARTER_BUS_TYPE', 'session'), ('SYSTEMD_EXEC_PID', '1214'), ('BUNDLED_DEBUGPY_PATH', '/home/zzs/.vscode/extensions/ms-python.debugpy-2026.6.0-linux-x64/bundled/libs/debugpy'), ('VSCODE_PYTHON_AUTOACTIVATE_GUARD', '1'), ('DBUS_SESSION_BUS_ADDRESS', 'unix:path=/run/user/1000/bus,guid=05e5810c991e130404bb581e6aa7e806'), ('COLORTERM', 'truecolor'), ('IM_CONFIG_PHASE', '1'), ('WAYLAND_DISPLAY', 'wayland-0'), ('ROS_DISTRO', 'humble'), ('LOGNAME', 'zzs'), ('_', '/usr/bin/colcon'), ('ROS_VERSION', '2'), ('XDG_SESSION_CLASS', 'user'), ('USERNAME', 'zzs'), ('TERM', 'xterm-256color'), ('GNOME_DESKTOP_SESSION_ID', 'this-is-deprecated'), ('FC_FONTATIONS', '1'), ('ROS_LOCALHOST_ONLY', '0'), ('PATH', '/opt/ros/humble/bin:/usr/local/sbin:/usr/local/bin:/usr/sbin:/usr/bin:/sbin:/bin:/usr/games:/usr/local/games:/snap/bin:/snap/bin:/home/zzs/.vscode/extensions/ms-python.debugpy-2026.6.0-linux-x64/bundled/scripts/noConfigScripts'), ('SESSION_MANAGER', 'local/zzs-virtual-machine:@/tmp/.ICE-unix/1214,unix/zzs-virtual-machine:/tmp/.ICE-unix/1214'), ('XDG_MENU_PREFIX', 'gnome-'), ('GNOME_TERMINAL_SCREEN', '/org/gnome/Terminal/screen/97dfa721_95c6_4778_9959_a3ec9d1a717c'), ('GNOME_SETUP_DISPLAY', ':1'), ('XDG_RUNTIME_DIR', '/run/user/1000'), ('GDK_BACKEND', 'wayland'), ('DISPLAY', ':0'), ('VSCODE_DEBUGPY_ADAPTER_ENDPOINTS', '/home/zzs/.vscode/extensions/ms-python.debugpy-2026.6.0-linux-x64/.noConfigDebugAdapterEndpoints/endpoint-ea54c2323ddbdc0f.txt'), ('LANG', 'en_US.UTF-8'), ('XDG_CURRENT_DESKTOP', 'ubuntu:GNOME'), ('PYTHONSTARTUP', '/home/zzs/.config/Code/User/workspaceStorage/66decf5cf11c7070c2f4eb1744a31051/ms-python.python/pythonrc.py'), ('XMODIFIERS', '@im=ibus'), ('XDG_SESSION_DESKTOP', 'ubuntu'), ('XAUTHORITY', '/run/user/1000/.mutter-Xwaylandauth.HY2SV3'), ('LS_COLORS', 'rs=0:di=01;34:ln=01;36:mh=00:pi=40;33:so=01;35:do=01;35:bd=40;33;01:cd=40;33;01:or=40;31;01:mi=00:su=37;41:sg=30;43:ca=30;41:tw=30;42:ow=34;42:st=37;44:ex=01;32:*.tar=01;31:*.tgz=01;31:*.arc=01;31:*.arj=01;31:*.taz=01;31:*.lha=01;31:*.lz4=01;31:*.lzh=01;31:*.lzma=01;31:*.tlz=01;31:*.txz=01;31:*.tzo=01;31:*.t7z=01;31:*.zip=01;31:*.z=01;31:*.dz=01;31:*.gz=01;31:*.lrz=01;31:*.lz=01;31:*.lzo=01;31:*.xz=01;31:*.zst=01;31:*.tzst=01;31:*.bz2=01;31:*.bz=01;31:*.tbz=01;31:*.tbz2=01;31:*.tz=01;31:*.deb=01;31:*.rpm=01;31:*.jar=01;31:*.war=01;31:*.ear=01;31:*.sar=01;31:*.rar=01;31:*.alz=01;31:*.ace=01;31:*.zoo=01;31:*.cpio=01;31:*.7z=01;31:*.rz=01;31:*.cab=01;31:*.wim=01;31:*.swm=01;31:*.dwm=01;31:*.esd=01;31:*.jpg=01;35:*.jpeg=01;35:*.mjpg=01;35:*.mjpeg=01;35:*.gif=01;35:*.bmp=01;35:*.pbm=01;35:*.pgm=01;35:*.ppm=01;35:*.tga=01;35:*.xbm=01;35:*.xpm=01;35:*.tif=01;35:*.tiff=01;35:*.png=01;35:*.svg=01;35:*.svgz=01;35:*.mng=01;35:*.pcx=01;35:*.mov=01;35:*.mpg=01;35:*.mpeg=01;35:*.m2v=01;35:*.mkv=01;35:*.webm=01;35:*.webp=01;35:*.ogm=01;35:*.mp4=01;35:*.m4v=01;35:*.mp4v=01;35:*.vob=01;35:*.qt=01;35:*.nuv=01;35:*.wmv=01;35:*.asf=01;35:*.rm=01;35:*.rmvb=01;35:*.flc=01;35:*.avi=01;35:*.fli=01;35:*.flv=01;35:*.gl=01;35:*.dl=01;35:*.xcf=01;35:*.xwd=01;35:*.yuv=01;35:*.cgm=01;35:*.emf=01;35:*.ogv=01;35:*.ogx=01;35:*.aac=00;36:*.au=00;36:*.flac=00;36:*.m4a=00;36:*.mid=00;36:*.midi=00;36:*.mka=00;36:*.mp3=00;36:*.mpc=00;36:*.ogg=00;36:*.ra=00;36:*.wav=00;36:*.oga=00;36:*.opus=00;36:*.spx=00;36:*.xspf=00;36:'), ('VSCODE_GIT_IPC_HANDLE', '/run/user/1000/vscode-git-763bc90ed1.sock'), ('GNOME_TERMINAL_SERVICE', ':1.103'), ('TERM_PROGRAM', 'vscode'), ('SSH_AGENT_LAUNCHER', 'gnome-keyring'), ('SSH_AUTH_SOCK', '/run/user/1000/keyring/ssh'), ('AMENT_PREFIX_PATH', '/opt/ros/humble'), ('SHELL', '/bin/bash'), ('QT_ACCESSIBILITY', '1'), ('GDMSESSION', 'ubuntu'), ('LESSCLOSE', '/usr/bin/lesspipe %s %s'), ('VSCODE_GIT_ASKPASS_EXTRA_ARGS', ''), ('QT_IM_MODULE', 'ibus'), ('PWD', '/home/zzs/workspace/ros2/ros2_study/chapt7/chapt7_ws/build/zzs_description'), ('LC_ALL', 'en_US.UTF-8'), ('XDG_CONFIG_DIRS', '/etc/xdg/xdg-ubuntu:/etc/xdg'), ('DBUS_STARTER_ADDRESS', 'unix:path=/run/user/1000/bus,guid=05e5810c991e130404bb581e6aa7e806'), ('XDG_DATA_DIRS', '/usr/share/ubuntu:/usr/local/share/:/usr/share/:/var/lib/snapd/desktop'), ('PYTHONPATH', '/opt/ros/humble/lib/python3.10/site-packages:/opt/ros/humble/local/lib/python3.10/dist-packages'), ('COLCON', '1'), ('VTE_VERSION', '6800'), ('CMAKE_PREFIX_PATH', '/opt/ros/humble')]), 'shell': False}
[3.743130] (-) TimerEvent: {}
[3.835716] (zzs_description) CommandEnded: {'returncode': 0}
[3.841656] (zzs_description) JobProgress: {'identifier': 'zzs_description', 'progress': 'install'}
[3.843786] (-) TimerEvent: {}
[3.875044] (zzs_description) Command: {'cmd': ['/usr/bin/cmake', '--install', '/home/zzs/workspace/ros2/ros2_study/chapt7/chapt7_ws/build/zzs_description'], 'cwd': '/home/zzs/workspace/ros2/ros2_study/chapt7/chapt7_ws/build/zzs_description', 'env': OrderedDict([('PYTHON_BASIC_REPL', '1'), ('LESSOPEN', '| /usr/bin/lesspipe %s'), ('USER', 'zzs'), ('XDG_SESSION_TYPE', 'wayland'), ('GIT_ASKPASS', '/usr/share/code/resources/app/extensions/git/dist/askpass.sh'), ('SHLVL', '2'), ('LD_LIBRARY_PATH', '/usr/lib/x86_64-linux-gnu/gazebo-11/plugins:/opt/ros/humble/opt/rviz_ogre_vendor/lib:/opt/ros/humble/lib/x86_64-linux-gnu:/opt/ros/humble/lib'), ('HOME', '/home/zzs'), ('CHROME_DESKTOP', 'code.desktop'), ('TERM_PROGRAM_VERSION', '1.137.0'), ('DESKTOP_SESSION', 'ubuntu'), ('ROS_PYTHON_VERSION', '3'), ('GNOME_SHELL_SESSION_MODE', 'ubuntu'), ('GTK_MODULES', 'gail:atk-bridge'), ('VSCODE_GIT_ASKPASS_MAIN', '/usr/share/code/resources/app/extensions/git/dist/askpass-main.js'), ('VSCODE_GIT_ASKPASS_NODE', '/usr/share/code/code'), ('PYDEVD_DISABLE_FILE_VALIDATION', '1'), ('DBUS_STARTER_BUS_TYPE', 'session'), ('SYSTEMD_EXEC_PID', '1214'), ('BUNDLED_DEBUGPY_PATH', '/home/zzs/.vscode/extensions/ms-python.debugpy-2026.6.0-linux-x64/bundled/libs/debugpy'), ('VSCODE_PYTHON_AUTOACTIVATE_GUARD', '1'), ('DBUS_SESSION_BUS_ADDRESS', 'unix:path=/run/user/1000/bus,guid=05e5810c991e130404bb581e6aa7e806'), ('COLORTERM', 'truecolor'), ('IM_CONFIG_PHASE', '1'), ('WAYLAND_DISPLAY', 'wayland-0'), ('ROS_DISTRO', 'humble'), ('LOGNAME', 'zzs'), ('_', '/usr/bin/colcon'), ('ROS_VERSION', '2'), ('XDG_SESSION_CLASS', 'user'), ('USERNAME', 'zzs'), ('TERM', 'xterm-256color'), ('GNOME_DESKTOP_SESSION_ID', 'this-is-deprecated'), ('FC_FONTATIONS', '1'), ('ROS_LOCALHOST_ONLY', '0'), ('PATH', '/opt/ros/humble/bin:/usr/local/sbin:/usr/local/bin:/usr/sbin:/usr/bin:/sbin:/bin:/usr/games:/usr/local/games:/snap/bin:/snap/bin:/home/zzs/.vscode/extensions/ms-python.debugpy-2026.6.0-linux-x64/bundled/scripts/noConfigScripts'), ('SESSION_MANAGER', 'local/zzs-virtual-machine:@/tmp/.ICE-unix/1214,unix/zzs-virtual-machine:/tmp/.ICE-unix/1214'), ('XDG_MENU_PREFIX', 'gnome-'), ('GNOME_TERMINAL_SCREEN', '/org/gnome/Terminal/screen/97dfa721_95c6_4778_9959_a3ec9d1a717c'), ('GNOME_SETUP_DISPLAY', ':1'), ('XDG_RUNTIME_DIR', '/run/user/1000'), ('GDK_BACKEND', 'wayland'), ('DISPLAY', ':0'), ('VSCODE_DEBUGPY_ADAPTER_ENDPOINTS', '/home/zzs/.vscode/extensions/ms-python.debugpy-2026.6.0-linux-x64/.noConfigDebugAdapterEndpoints/endpoint-ea54c2323ddbdc0f.txt'), ('LANG', 'en_US.UTF-8'), ('XDG_CURRENT_DESKTOP', 'ubuntu:GNOME'), ('PYTHONSTARTUP', '/home/zzs/.config/Code/User/workspaceStorage/66decf5cf11c7070c2f4eb1744a31051/ms-python.python/pythonrc.py'), ('XMODIFIERS', '@im=ibus'), ('XDG_SESSION_DESKTOP', 'ubuntu'), ('XAUTHORITY', '/run/user/1000/.mutter-Xwaylandauth.HY2SV3'), ('LS_COLORS', 'rs=0:di=01;34:ln=01;36:mh=00:pi=40;33:so=01;35:do=01;35:bd=40;33;01:cd=40;33;01:or=40;31;01:mi=00:su=37;41:sg=30;43:ca=30;41:tw=30;42:ow=34;42:st=37;44:ex=01;32:*.tar=01;31:*.tgz=01;31:*.arc=01;31:*.arj=01;31:*.taz=01;31:*.lha=01;31:*.lz4=01;31:*.lzh=01;31:*.lzma=01;31:*.tlz=01;31:*.txz=01;31:*.tzo=01;31:*.t7z=01;31:*.zip=01;31:*.z=01;31:*.dz=01;31:*.gz=01;31:*.lrz=01;31:*.lz=01;31:*.lzo=01;31:*.xz=01;31:*.zst=01;31:*.tzst=01;31:*.bz2=01;31:*.bz=01;31:*.tbz=01;31:*.tbz2=01;31:*.tz=01;31:*.deb=01;31:*.rpm=01;31:*.jar=01;31:*.war=01;31:*.ear=01;31:*.sar=01;31:*.rar=01;31:*.alz=01;31:*.ace=01;31:*.zoo=01;31:*.cpio=01;31:*.7z=01;31:*.rz=01;31:*.cab=01;31:*.wim=01;31:*.swm=01;31:*.dwm=01;31:*.esd=01;31:*.jpg=01;35:*.jpeg=01;35:*.mjpg=01;35:*.mjpeg=01;35:*.gif=01;35:*.bmp=01;35:*.pbm=01;35:*.pgm=01;35:*.ppm=01;35:*.tga=01;35:*.xbm=01;35:*.xpm=01;35:*.tif=01;35:*.tiff=01;35:*.png=01;35:*.svg=01;35:*.svgz=01;35:*.mng=01;35:*.pcx=01;35:*.mov=01;35:*.mpg=01;35:*.mpeg=01;35:*.m2v=01;35:*.mkv=01;35:*.webm=01;35:*.webp=01;35:*.ogm=01;35:*.mp4=01;35:*.m4v=01;35:*.mp4v=01;35:*.vob=01;35:*.qt=01;35:*.nuv=01;35:*.wmv=01;35:*.asf=01;35:*.rm=01;35:*.rmvb=01;35:*.flc=01;35:*.avi=01;35:*.fli=01;35:*.flv=01;35:*.gl=01;35:*.dl=01;35:*.xcf=01;35:*.xwd=01;35:*.yuv=01;35:*.cgm=01;35:*.emf=01;35:*.ogv=01;35:*.ogx=01;35:*.aac=00;36:*.au=00;36:*.flac=00;36:*.m4a=00;36:*.mid=00;36:*.midi=00;36:*.mka=00;36:*.mp3=00;36:*.mpc=00;36:*.ogg=00;36:*.ra=00;36:*.wav=00;36:*.oga=00;36:*.opus=00;36:*.spx=00;36:*.xspf=00;36:'), ('VSCODE_GIT_IPC_HANDLE', '/run/user/1000/vscode-git-763bc90ed1.sock'), ('GNOME_TERMINAL_SERVICE', ':1.103'), ('TERM_PROGRAM', 'vscode'), ('SSH_AGENT_LAUNCHER', 'gnome-keyring'), ('SSH_AUTH_SOCK', '/run/user/1000/keyring/ssh'), ('AMENT_PREFIX_PATH', '/opt/ros/humble'), ('SHELL', '/bin/bash'), ('QT_ACCESSIBILITY', '1'), ('GDMSESSION', 'ubuntu'), ('LESSCLOSE', '/usr/bin/lesspipe %s %s'), ('VSCODE_GIT_ASKPASS_EXTRA_ARGS', ''), ('QT_IM_MODULE', 'ibus'), ('PWD', '/home/zzs/workspace/ros2/ros2_study/chapt7/chapt7_ws/build/zzs_description'), ('LC_ALL', 'en_US.UTF-8'), ('XDG_CONFIG_DIRS', '/etc/xdg/xdg-ubuntu:/etc/xdg'), ('DBUS_STARTER_ADDRESS', 'unix:path=/run/user/1000/bus,guid=05e5810c991e130404bb581e6aa7e806'), ('XDG_DATA_DIRS', '/usr/share/ubuntu:/usr/local/share/:/usr/share/:/var/lib/snapd/desktop'), ('PYTHONPATH', '/opt/ros/humble/lib/python3.10/site-packages:/opt/ros/humble/local/lib/python3.10/dist-packages'), ('COLCON', '1'), ('VTE_VERSION', '6800'), ('CMAKE_PREFIX_PATH', '/opt/ros/humble')]), 'shell': False}
[3.907993] (zzs_description) StdoutLine: {'line': b'-- Install configuration: ""\n'}
[3.908732] (zzs_description) StdoutLine: {'line': b'-- Up-to-date: /home/zzs/workspace/ros2/ros2_study/chapt7/chapt7_ws/install/zzs_description/share/zzs_description/launch\n'}
[3.908808] (zzs_description) StdoutLine: {'line': b'-- Up-to-date: /home/zzs/workspace/ros2/ros2_study/chapt7/chapt7_ws/install/zzs_description/share/zzs_description/launch/display_robot.launch.py\n'}
[3.908861] (zzs_description) StdoutLine: {'line': b'-- Up-to-date: /home/zzs/workspace/ros2/ros2_study/chapt7/chapt7_ws/install/zzs_description/share/zzs_description/launch/gazebo_sim.launch.py\n'}
[3.908908] (zzs_description) StdoutLine: {'line': b'-- Up-to-date: /home/zzs/workspace/ros2/ros2_study/chapt7/chapt7_ws/install/zzs_description/share/zzs_description/urdf\n'}
[3.908950] (zzs_description) StdoutLine: {'line': b'-- Up-to-date: /home/zzs/workspace/ros2/ros2_study/chapt7/chapt7_ws/install/zzs_description/share/zzs_description/urdf/sensor\n'}
[3.908993] (zzs_description) StdoutLine: {'line': b'-- Up-to-date: /home/zzs/workspace/ros2/ros2_study/chapt7/chapt7_ws/install/zzs_description/share/zzs_description/urdf/sensor/imu.urdf.xacro\n'}
[3.909034] (zzs_description) StdoutLine: {'line': b'-- Up-to-date: /home/zzs/workspace/ros2/ros2_study/chapt7/chapt7_ws/install/zzs_description/share/zzs_description/urdf/sensor/camera.urdf.xacro\n'}
[3.909080] (zzs_description) StdoutLine: {'line': b'-- Up-to-date: /home/zzs/workspace/ros2/ros2_study/chapt7/chapt7_ws/install/zzs_description/share/zzs_description/urdf/sensor/laser.urdf.xacro\n'}
[3.909127] (zzs_description) StdoutLine: {'line': b'-- Up-to-date: /home/zzs/workspace/ros2/ros2_study/chapt7/chapt7_ws/install/zzs_description/share/zzs_description/urdf/first_robot.gv\n'}
[3.909167] (zzs_description) StdoutLine: {'line': b'-- Up-to-date: /home/zzs/workspace/ros2/ros2_study/chapt7/chapt7_ws/install/zzs_description/share/zzs_description/urdf/actuator\n'}
[3.909205] (zzs_description) StdoutLine: {'line': b'-- Up-to-date: /home/zzs/workspace/ros2/ros2_study/chapt7/chapt7_ws/install/zzs_description/share/zzs_description/urdf/actuator/wheel.urdf.xacro\n'}
[3.909243] (zzs_description) StdoutLine: {'line': b'-- Up-to-date: /home/zzs/workspace/ros2/ros2_study/chapt7/chapt7_ws/install/zzs_description/share/zzs_description/urdf/actuator/caster.urdf.xacro\n'}
[3.909281] (zzs_description) StdoutLine: {'line': b'-- Up-to-date: /home/zzs/workspace/ros2/ros2_study/chapt7/chapt7_ws/install/zzs_description/share/zzs_description/urdf/first_robot.xacro\n'}
[3.909318] (zzs_description) StdoutLine: {'line': b'-- Up-to-date: /home/zzs/workspace/ros2/ros2_study/chapt7/chapt7_ws/install/zzs_description/share/zzs_description/urdf/first_robot.urdf\n'}
[3.909355] (zzs_description) StdoutLine: {'line': b'-- Up-to-date: /home/zzs/workspace/ros2/ros2_study/chapt7/chapt7_ws/install/zzs_description/share/zzs_description/urdf/first_robot.pdf\n'}
[3.909392] (zzs_description) StdoutLine: {'line': b'-- Up-to-date: /home/zzs/workspace/ros2/ros2_study/chapt7/chapt7_ws/install/zzs_description/share/zzs_description/urdf/plugins\n'}
[3.909429] (zzs_description) StdoutLine: {'line': b'-- Up-to-date: /home/zzs/workspace/ros2/ros2_study/chapt7/chapt7_ws/install/zzs_description/share/zzs_description/urdf/plugins/robot_ros2_controller.xacro\n'}
[3.909465] (zzs_description) StdoutLine: {'line': b'-- Up-to-date: /home/zzs/workspace/ros2/ros2_study/chapt7/chapt7_ws/install/zzs_description/share/zzs_description/urdf/plugins/gazebo_control_plugin.xacro\n'}
[3.909502] (zzs_description) StdoutLine: {'line': b'-- Up-to-date: /home/zzs/workspace/ros2/ros2_study/chapt7/chapt7_ws/install/zzs_description/share/zzs_description/urdf/plugins/gazebo_sensor_plugin.xacro\n'}
[3.909543] (zzs_description) StdoutLine: {'line': b'-- Up-to-date: /home/zzs/workspace/ros2/ros2_study/chapt7/chapt7_ws/install/zzs_description/share/zzs_description/urdf/robot.urdf.xacro\n'}
[3.909682] (zzs_description) StdoutLine: {'line': b'-- Up-to-date: /home/zzs/workspace/ros2/ros2_study/chapt7/chapt7_ws/install/zzs_description/share/zzs_description/urdf/common_intertial.xacro\n'}
[3.909757] (zzs_description) StdoutLine: {'line': b'-- Up-to-date: /home/zzs/workspace/ros2/ros2_study/chapt7/chapt7_ws/install/zzs_description/share/zzs_description/urdf/base.urdf.xacro\n'}
[3.909806] (zzs_description) StdoutLine: {'line': b'-- Up-to-date: /home/zzs/workspace/ros2/ros2_study/chapt7/chapt7_ws/install/zzs_description/share/zzs_description/config\n'}
[3.909873] (zzs_description) StdoutLine: {'line': b'-- Up-to-date: /home/zzs/workspace/ros2/ros2_study/chapt7/chapt7_ws/install/zzs_description/share/zzs_description/config/robot_ros2_controller.yaml\n'}
[3.909955] (zzs_description) StdoutLine: {'line': b'-- Up-to-date: /home/zzs/workspace/ros2/ros2_study/chapt7/chapt7_ws/install/zzs_description/share/zzs_description/config/display_robot_model.rviz\n'}
[3.910009] (zzs_description) StdoutLine: {'line': b'-- Up-to-date: /home/zzs/workspace/ros2/ros2_study/chapt7/chapt7_ws/install/zzs_description/share/zzs_description/world\n'}
[3.910060] (zzs_description) StdoutLine: {'line': b'-- Up-to-date: /home/zzs/workspace/ros2/ros2_study/chapt7/chapt7_ws/install/zzs_description/share/zzs_description/world/room\n'}
[3.910108] (zzs_description) StdoutLine: {'line': b'-- Up-to-date: /home/zzs/workspace/ros2/ros2_study/chapt7/chapt7_ws/install/zzs_description/share/zzs_description/world/room/model.sdf\n'}
[3.910150] (zzs_description) StdoutLine: {'line': b'-- Up-to-date: /home/zzs/workspace/ros2/ros2_study/chapt7/chapt7_ws/install/zzs_description/share/zzs_description/world/room/model.config\n'}
[3.910190] (zzs_description) StdoutLine: {'line': b'-- Up-to-date: /home/zzs/workspace/ros2/ros2_study/chapt7/chapt7_ws/install/zzs_description/share/zzs_description/world/c_room.world\n'}
[3.910247] (zzs_description) StdoutLine: {'line': b'-- Up-to-date: /home/zzs/workspace/ros2/ros2_study/chapt7/chapt7_ws/install/zzs_description/share/ament_index/resource_index/package_run_dependencies/zzs_description\n'}
[3.914888] (zzs_description) StdoutLine: {'line': b'-- Up-to-date: /home/zzs/workspace/ros2/ros2_study/chapt7/chapt7_ws/install/zzs_description/share/ament_index/resource_index/parent_prefix_path/zzs_description\n'}
[3.918314] (zzs_description) StdoutLine: {'line': b'-- Up-to-date: /home/zzs/workspace/ros2/ros2_study/chapt7/chapt7_ws/install/zzs_description/share/zzs_description/environment/ament_prefix_path.sh\n'}
[3.918550] (zzs_description) StdoutLine: {'line': b'-- Up-to-date: /home/zzs/workspace/ros2/ros2_study/chapt7/chapt7_ws/install/zzs_description/share/zzs_description/environment/ament_prefix_path.dsv\n'}
[3.918720] (zzs_description) StdoutLine: {'line': b'-- Up-to-date: /home/zzs/workspace/ros2/ros2_study/chapt7/chapt7_ws/install/zzs_description/share/zzs_description/environment/path.sh\n'}
[3.918782] (zzs_description) StdoutLine: {'line': b'-- Up-to-date: /home/zzs/workspace/ros2/ros2_study/chapt7/chapt7_ws/install/zzs_description/share/zzs_description/environment/path.dsv\n'}
[3.918830] (zzs_description) StdoutLine: {'line': b'-- Up-to-date: /home/zzs/workspace/ros2/ros2_study/chapt7/chapt7_ws/install/zzs_description/share/zzs_description/local_setup.bash\n'}
[3.918874] (zzs_description) StdoutLine: {'line': b'-- Up-to-date: /home/zzs/workspace/ros2/ros2_study/chapt7/chapt7_ws/install/zzs_description/share/zzs_description/local_setup.sh\n'}
[3.918915] (zzs_description) StdoutLine: {'line': b'-- Up-to-date: /home/zzs/workspace/ros2/ros2_study/chapt7/chapt7_ws/install/zzs_description/share/zzs_description/local_setup.zsh\n'}
[3.918956] (zzs_description) StdoutLine: {'line': b'-- Up-to-date: /home/zzs/workspace/ros2/ros2_study/chapt7/chapt7_ws/install/zzs_description/share/zzs_description/local_setup.dsv\n'}
[3.918997] (zzs_description) StdoutLine: {'line': b'-- Installing: /home/zzs/workspace/ros2/ros2_study/chapt7/chapt7_ws/install/zzs_description/share/zzs_description/package.dsv\n'}
[3.919035] (zzs_description) StdoutLine: {'line': b'-- Up-to-date: /home/zzs/workspace/ros2/ros2_study/chapt7/chapt7_ws/install/zzs_description/share/ament_index/resource_index/packages/zzs_description\n'}
[3.919074] (zzs_description) StdoutLine: {'line': b'-- Up-to-date: /home/zzs/workspace/ros2/ros2_study/chapt7/chapt7_ws/install/zzs_description/share/zzs_description/cmake/zzs_descriptionConfig.cmake\n'}
[3.919113] (zzs_description) StdoutLine: {'line': b'-- Up-to-date: /home/zzs/workspace/ros2/ros2_study/chapt7/chapt7_ws/install/zzs_description/share/zzs_description/cmake/zzs_descriptionConfig-version.cmake\n'}
[3.919152] (zzs_description) StdoutLine: {'line': b'-- Up-to-date: /home/zzs/workspace/ros2/ros2_study/chapt7/chapt7_ws/install/zzs_description/share/zzs_description/package.xml\n'}
[3.924787] (zzs_description) CommandEnded: {'returncode': 0}
[3.948101] (-) TimerEvent: {}
[4.005245] (zzs_description) JobEnded: {'identifier': 'zzs_description', 'rc': 0}
[4.006294] (zzs_navigation2) JobStarted: {'identifier': 'zzs_navigation2'}
[4.018019] (zzs_navigation2) JobProgress: {'identifier': 'zzs_navigation2', 'progress': 'cmake'}
[4.031974] (zzs_navigation2) JobProgress: {'identifier': 'zzs_navigation2', 'progress': 'build'}
[4.032092] (zzs_navigation2) Command: {'cmd': ['/usr/bin/cmake', '--build', '/home/zzs/workspace/ros2/ros2_study/chapt7/chapt7_ws/build/zzs_navigation2', '--', '-j2', '-l2'], 'cwd': '/home/zzs/workspace/ros2/ros2_study/chapt7/chapt7_ws/build/zzs_navigation2', 'env': OrderedDict([('PYTHON_BASIC_REPL', '1'), ('LESSOPEN', '| /usr/bin/lesspipe %s'), ('USER', 'zzs'), ('XDG_SESSION_TYPE', 'wayland'), ('GIT_ASKPASS', '/usr/share/code/resources/app/extensions/git/dist/askpass.sh'), ('SHLVL', '2'), ('LD_LIBRARY_PATH', '/usr/lib/x86_64-linux-gnu/gazebo-11/plugins:/opt/ros/humble/opt/rviz_ogre_vendor/lib:/opt/ros/humble/lib/x86_64-linux-gnu:/opt/ros/humble/lib'), ('HOME', '/home/zzs'), ('CHROME_DESKTOP', 'code.desktop'), ('TERM_PROGRAM_VERSION', '1.137.0'), ('DESKTOP_SESSION', 'ubuntu'), ('ROS_PYTHON_VERSION', '3'), ('GNOME_SHELL_SESSION_MODE', 'ubuntu'), ('GTK_MODULES', 'gail:atk-bridge'), ('VSCODE_GIT_ASKPASS_MAIN', '/usr/share/code/resources/app/extensions/git/dist/askpass-main.js'), ('VSCODE_GIT_ASKPASS_NODE', '/usr/share/code/code'), ('PYDEVD_DISABLE_FILE_VALIDATION', '1'), ('DBUS_STARTER_BUS_TYPE', 'session'), ('SYSTEMD_EXEC_PID', '1214'), ('BUNDLED_DEBUGPY_PATH', '/home/zzs/.vscode/extensions/ms-python.debugpy-2026.6.0-linux-x64/bundled/libs/debugpy'), ('VSCODE_PYTHON_AUTOACTIVATE_GUARD', '1'), ('DBUS_SESSION_BUS_ADDRESS', 'unix:path=/run/user/1000/bus,guid=05e5810c991e130404bb581e6aa7e806'), ('COLORTERM', 'truecolor'), ('IM_CONFIG_PHASE', '1'), ('WAYLAND_DISPLAY', 'wayland-0'), ('ROS_DISTRO', 'humble'), ('LOGNAME', 'zzs'), ('_', '/usr/bin/colcon'), ('ROS_VERSION', '2'), ('XDG_SESSION_CLASS', 'user'), ('USERNAME', 'zzs'), ('TERM', 'xterm-256color'), ('GNOME_DESKTOP_SESSION_ID', 'this-is-deprecated'), ('FC_FONTATIONS', '1'), ('ROS_LOCALHOST_ONLY', '0'), ('PATH', '/opt/ros/humble/bin:/usr/local/sbin:/usr/local/bin:/usr/sbin:/usr/bin:/sbin:/bin:/usr/games:/usr/local/games:/snap/bin:/snap/bin:/home/zzs/.vscode/extensions/ms-python.debugpy-2026.6.0-linux-x64/bundled/scripts/noConfigScripts'), ('SESSION_MANAGER', 'local/zzs-virtual-machine:@/tmp/.ICE-unix/1214,unix/zzs-virtual-machine:/tmp/.ICE-unix/1214'), ('XDG_MENU_PREFIX', 'gnome-'), ('GNOME_TERMINAL_SCREEN', '/org/gnome/Terminal/screen/97dfa721_95c6_4778_9959_a3ec9d1a717c'), ('GNOME_SETUP_DISPLAY', ':1'), ('XDG_RUNTIME_DIR', '/run/user/1000'), ('GDK_BACKEND', 'wayland'), ('DISPLAY', ':0'), ('VSCODE_DEBUGPY_ADAPTER_ENDPOINTS', '/home/zzs/.vscode/extensions/ms-python.debugpy-2026.6.0-linux-x64/.noConfigDebugAdapterEndpoints/endpoint-ea54c2323ddbdc0f.txt'), ('LANG', 'en_US.UTF-8'), ('XDG_CURRENT_DESKTOP', 'ubuntu:GNOME'), ('PYTHONSTARTUP', '/home/zzs/.config/Code/User/workspaceStorage/66decf5cf11c7070c2f4eb1744a31051/ms-python.python/pythonrc.py'), ('XMODIFIERS', '@im=ibus'), ('XDG_SESSION_DESKTOP', 'ubuntu'), ('XAUTHORITY', '/run/user/1000/.mutter-Xwaylandauth.HY2SV3'), ('LS_COLORS', 'rs=0:di=01;34:ln=01;36:mh=00:pi=40;33:so=01;35:do=01;35:bd=40;33;01:cd=40;33;01:or=40;31;01:mi=00:su=37;41:sg=30;43:ca=30;41:tw=30;42:ow=34;42:st=37;44:ex=01;32:*.tar=01;31:*.tgz=01;31:*.arc=01;31:*.arj=01;31:*.taz=01;31:*.lha=01;31:*.lz4=01;31:*.lzh=01;31:*.lzma=01;31:*.tlz=01;31:*.txz=01;31:*.tzo=01;31:*.t7z=01;31:*.zip=01;31:*.z=01;31:*.dz=01;31:*.gz=01;31:*.lrz=01;31:*.lz=01;31:*.lzo=01;31:*.xz=01;31:*.zst=01;31:*.tzst=01;31:*.bz2=01;31:*.bz=01;31:*.tbz=01;31:*.tbz2=01;31:*.tz=01;31:*.deb=01;31:*.rpm=01;31:*.jar=01;31:*.war=01;31:*.ear=01;31:*.sar=01;31:*.rar=01;31:*.alz=01;31:*.ace=01;31:*.zoo=01;31:*.cpio=01;31:*.7z=01;31:*.rz=01;31:*.cab=01;31:*.wim=01;31:*.swm=01;31:*.dwm=01;31:*.esd=01;31:*.jpg=01;35:*.jpeg=01;35:*.mjpg=01;35:*.mjpeg=01;35:*.gif=01;35:*.bmp=01;35:*.pbm=01;35:*.pgm=01;35:*.ppm=01;35:*.tga=01;35:*.xbm=01;35:*.xpm=01;35:*.tif=01;35:*.tiff=01;35:*.png=01;35:*.svg=01;35:*.svgz=01;35:*.mng=01;35:*.pcx=01;35:*.mov=01;35:*.mpg=01;35:*.mpeg=01;35:*.m2v=01;35:*.mkv=01;35:*.webm=01;35:*.webp=01;35:*.ogm=01;35:*.mp4=01;35:*.m4v=01;35:*.mp4v=01;35:*.vob=01;35:*.qt=01;35:*.nuv=01;35:*.wmv=01;35:*.asf=01;35:*.rm=01;35:*.rmvb=01;35:*.flc=01;35:*.avi=01;35:*.fli=01;35:*.flv=01;35:*.gl=01;35:*.dl=01;35:*.xcf=01;35:*.xwd=01;35:*.yuv=01;35:*.cgm=01;35:*.emf=01;35:*.ogv=01;35:*.ogx=01;35:*.aac=00;36:*.au=00;36:*.flac=00;36:*.m4a=00;36:*.mid=00;36:*.midi=00;36:*.mka=00;36:*.mp3=00;36:*.mpc=00;36:*.ogg=00;36:*.ra=00;36:*.wav=00;36:*.oga=00;36:*.opus=00;36:*.spx=00;36:*.xspf=00;36:'), ('VSCODE_GIT_IPC_HANDLE', '/run/user/1000/vscode-git-763bc90ed1.sock'), ('GNOME_TERMINAL_SERVICE', ':1.103'), ('TERM_PROGRAM', 'vscode'), ('SSH_AGENT_LAUNCHER', 'gnome-keyring'), ('SSH_AUTH_SOCK', '/run/user/1000/keyring/ssh'), ('AMENT_PREFIX_PATH', '/opt/ros/humble'), ('SHELL', '/bin/bash'), ('QT_ACCESSIBILITY', '1'), ('GDMSESSION', 'ubuntu'), ('LESSCLOSE', '/usr/bin/lesspipe %s %s'), ('VSCODE_GIT_ASKPASS_EXTRA_ARGS', ''), ('QT_IM_MODULE', 'ibus'), ('PWD', '/home/zzs/workspace/ros2/ros2_study/chapt7/chapt7_ws/build/zzs_navigation2'), ('LC_ALL', 'en_US.UTF-8'), ('XDG_CONFIG_DIRS', '/etc/xdg/xdg-ubuntu:/etc/xdg'), ('DBUS_STARTER_ADDRESS', 'unix:path=/run/user/1000/bus,guid=05e5810c991e130404bb581e6aa7e806'), ('XDG_DATA_DIRS', '/usr/share/ubuntu:/usr/local/share/:/usr/share/:/var/lib/snapd/desktop'), ('PYTHONPATH', '/opt/ros/humble/lib/python3.10/site-packages:/opt/ros/humble/local/lib/python3.10/dist-packages'), ('COLCON', '1'), ('VTE_VERSION', '6800'), ('CMAKE_PREFIX_PATH', '/opt/ros/humble')]), 'shell': False}
[4.050529] (-) TimerEvent: {}
[4.151672] (-) TimerEvent: {}
[4.227819] (zzs_navigation2) CommandEnded: {'returncode': 0}
[4.231649] (zzs_navigation2) JobProgress: {'identifier': 'zzs_navigation2', 'progress': 'install'}
[4.231754] (zzs_navigation2) Command: {'cmd': ['/usr/bin/cmake', '--install', '/home/zzs/workspace/ros2/ros2_study/chapt7/chapt7_ws/build/zzs_navigation2'], 'cwd': '/home/zzs/workspace/ros2/ros2_study/chapt7/chapt7_ws/build/zzs_navigation2', 'env': OrderedDict([('PYTHON_BASIC_REPL', '1'), ('LESSOPEN', '| /usr/bin/lesspipe %s'), ('USER', 'zzs'), ('XDG_SESSION_TYPE', 'wayland'), ('GIT_ASKPASS', '/usr/share/code/resources/app/extensions/git/dist/askpass.sh'), ('SHLVL', '2'), ('LD_LIBRARY_PATH', '/usr/lib/x86_64-linux-gnu/gazebo-11/plugins:/opt/ros/humble/opt/rviz_ogre_vendor/lib:/opt/ros/humble/lib/x86_64-linux-gnu:/opt/ros/humble/lib'), ('HOME', '/home/zzs'), ('CHROME_DESKTOP', 'code.desktop'), ('TERM_PROGRAM_VERSION', '1.137.0'), ('DESKTOP_SESSION', 'ubuntu'), ('ROS_PYTHON_VERSION', '3'), ('GNOME_SHELL_SESSION_MODE', 'ubuntu'), ('GTK_MODULES', 'gail:atk-bridge'), ('VSCODE_GIT_ASKPASS_MAIN', '/usr/share/code/resources/app/extensions/git/dist/askpass-main.js'), ('VSCODE_GIT_ASKPASS_NODE', '/usr/share/code/code'), ('PYDEVD_DISABLE_FILE_VALIDATION', '1'), ('DBUS_STARTER_BUS_TYPE', 'session'), ('SYSTEMD_EXEC_PID', '1214'), ('BUNDLED_DEBUGPY_PATH', '/home/zzs/.vscode/extensions/ms-python.debugpy-2026.6.0-linux-x64/bundled/libs/debugpy'), ('VSCODE_PYTHON_AUTOACTIVATE_GUARD', '1'), ('DBUS_SESSION_BUS_ADDRESS', 'unix:path=/run/user/1000/bus,guid=05e5810c991e130404bb581e6aa7e806'), ('COLORTERM', 'truecolor'), ('IM_CONFIG_PHASE', '1'), ('WAYLAND_DISPLAY', 'wayland-0'), ('ROS_DISTRO', 'humble'), ('LOGNAME', 'zzs'), ('_', '/usr/bin/colcon'), ('ROS_VERSION', '2'), ('XDG_SESSION_CLASS', 'user'), ('USERNAME', 'zzs'), ('TERM', 'xterm-256color'), ('GNOME_DESKTOP_SESSION_ID', 'this-is-deprecated'), ('FC_FONTATIONS', '1'), ('ROS_LOCALHOST_ONLY', '0'), ('PATH', '/opt/ros/humble/bin:/usr/local/sbin:/usr/local/bin:/usr/sbin:/usr/bin:/sbin:/bin:/usr/games:/usr/local/games:/snap/bin:/snap/bin:/home/zzs/.vscode/extensions/ms-python.debugpy-2026.6.0-linux-x64/bundled/scripts/noConfigScripts'), ('SESSION_MANAGER', 'local/zzs-virtual-machine:@/tmp/.ICE-unix/1214,unix/zzs-virtual-machine:/tmp/.ICE-unix/1214'), ('XDG_MENU_PREFIX', 'gnome-'), ('GNOME_TERMINAL_SCREEN', '/org/gnome/Terminal/screen/97dfa721_95c6_4778_9959_a3ec9d1a717c'), ('GNOME_SETUP_DISPLAY', ':1'), ('XDG_RUNTIME_DIR', '/run/user/1000'), ('GDK_BACKEND', 'wayland'), ('DISPLAY', ':0'), ('VSCODE_DEBUGPY_ADAPTER_ENDPOINTS', '/home/zzs/.vscode/extensions/ms-python.debugpy-2026.6.0-linux-x64/.noConfigDebugAdapterEndpoints/endpoint-ea54c2323ddbdc0f.txt'), ('LANG', 'en_US.UTF-8'), ('XDG_CURRENT_DESKTOP', 'ubuntu:GNOME'), ('PYTHONSTARTUP', '/home/zzs/.config/Code/User/workspaceStorage/66decf5cf11c7070c2f4eb1744a31051/ms-python.python/pythonrc.py'), ('XMODIFIERS', '@im=ibus'), ('XDG_SESSION_DESKTOP', 'ubuntu'), ('XAUTHORITY', '/run/user/1000/.mutter-Xwaylandauth.HY2SV3'), ('LS_COLORS', 'rs=0:di=01;34:ln=01;36:mh=00:pi=40;33:so=01;35:do=01;35:bd=40;33;01:cd=40;33;01:or=40;31;01:mi=00:su=37;41:sg=30;43:ca=30;41:tw=30;42:ow=34;42:st=37;44:ex=01;32:*.tar=01;31:*.tgz=01;31:*.arc=01;31:*.arj=01;31:*.taz=01;31:*.lha=01;31:*.lz4=01;31:*.lzh=01;31:*.lzma=01;31:*.tlz=01;31:*.txz=01;31:*.tzo=01;31:*.t7z=01;31:*.zip=01;31:*.z=01;31:*.dz=01;31:*.gz=01;31:*.lrz=01;31:*.lz=01;31:*.lzo=01;31:*.xz=01;31:*.zst=01;31:*.tzst=01;31:*.bz2=01;31:*.bz=01;31:*.tbz=01;31:*.tbz2=01;31:*.tz=01;31:*.deb=01;31:*.rpm=01;31:*.jar=01;31:*.war=01;31:*.ear=01;31:*.sar=01;31:*.rar=01;31:*.alz=01;31:*.ace=01;31:*.zoo=01;31:*.cpio=01;31:*.7z=01;31:*.rz=01;31:*.cab=01;31:*.wim=01;31:*.swm=01;31:*.dwm=01;31:*.esd=01;31:*.jpg=01;35:*.jpeg=01;35:*.mjpg=01;35:*.mjpeg=01;35:*.gif=01;35:*.bmp=01;35:*.pbm=01;35:*.pgm=01;35:*.ppm=01;35:*.tga=01;35:*.xbm=01;35:*.xpm=01;35:*.tif=01;35:*.tiff=01;35:*.png=01;35:*.svg=01;35:*.svgz=01;35:*.mng=01;35:*.pcx=01;35:*.mov=01;35:*.mpg=01;35:*.mpeg=01;35:*.m2v=01;35:*.mkv=01;35:*.webm=01;35:*.webp=01;35:*.ogm=01;35:*.mp4=01;35:*.m4v=01;35:*.mp4v=01;35:*.vob=01;35:*.qt=01;35:*.nuv=01;35:*.wmv=01;35:*.asf=01;35:*.rm=01;35:*.rmvb=01;35:*.flc=01;35:*.avi=01;35:*.fli=01;35:*.flv=01;35:*.gl=01;35:*.dl=01;35:*.xcf=01;35:*.xwd=01;35:*.yuv=01;35:*.cgm=01;35:*.emf=01;35:*.ogv=01;35:*.ogx=01;35:*.aac=00;36:*.au=00;36:*.flac=00;36:*.m4a=00;36:*.mid=00;36:*.midi=00;36:*.mka=00;36:*.mp3=00;36:*.mpc=00;36:*.ogg=00;36:*.ra=00;36:*.wav=00;36:*.oga=00;36:*.opus=00;36:*.spx=00;36:*.xspf=00;36:'), ('VSCODE_GIT_IPC_HANDLE', '/run/user/1000/vscode-git-763bc90ed1.sock'), ('GNOME_TERMINAL_SERVICE', ':1.103'), ('TERM_PROGRAM', 'vscode'), ('SSH_AGENT_LAUNCHER', 'gnome-keyring'), ('SSH_AUTH_SOCK', '/run/user/1000/keyring/ssh'), ('AMENT_PREFIX_PATH', '/opt/ros/humble'), ('SHELL', '/bin/bash'), ('QT_ACCESSIBILITY', '1'), ('GDMSESSION', 'ubuntu'), ('LESSCLOSE', '/usr/bin/lesspipe %s %s'), ('VSCODE_GIT_ASKPASS_EXTRA_ARGS', ''), ('QT_IM_MODULE', 'ibus'), ('PWD', '/home/zzs/workspace/ros2/ros2_study/chapt7/chapt7_ws/build/zzs_navigation2'), ('LC_ALL', 'en_US.UTF-8'), ('XDG_CONFIG_DIRS', '/etc/xdg/xdg-ubuntu:/etc/xdg'), ('DBUS_STARTER_ADDRESS', 'unix:path=/run/user/1000/bus,guid=05e5810c991e130404bb581e6aa7e806'), ('XDG_DATA_DIRS', '/usr/share/ubuntu:/usr/local/share/:/usr/share/:/var/lib/snapd/desktop'), ('PYTHONPATH', '/opt/ros/humble/lib/python3.10/site-packages:/opt/ros/humble/local/lib/python3.10/dist-packages'), ('COLCON', '1'), ('VTE_VERSION', '6800'), ('CMAKE_PREFIX_PATH', '/opt/ros/humble')]), 'shell': False}
[4.253555] (-) TimerEvent: {}
[4.283701] (zzs_navigation2) StdoutLine: {'line': b'-- Install configuration: ""\n'}
[4.285734] (zzs_navigation2) StdoutLine: {'line': b'-- Up-to-date: /home/zzs/workspace/ros2/ros2_study/chapt7/chapt7_ws/install/zzs_navigation2/share/zzs_navigation2/launch\n'}
[4.285923] (zzs_navigation2) StdoutLine: {'line': b'-- Up-to-date: /home/zzs/workspace/ros2/ros2_study/chapt7/chapt7_ws/install/zzs_navigation2/share/zzs_navigation2/launch/navigation2.launch.py\n'}
[4.285981] (zzs_navigation2) StdoutLine: {'line': b'-- Up-to-date: /home/zzs/workspace/ros2/ros2_study/chapt7/chapt7_ws/install/zzs_navigation2/share/zzs_navigation2/config\n'}
[4.286027] (zzs_navigation2) StdoutLine: {'line': b'-- Up-to-date: /home/zzs/workspace/ros2/ros2_study/chapt7/chapt7_ws/install/zzs_navigation2/share/zzs_navigation2/config/nav2_params.yaml\n'}
[4.286071] (zzs_navigation2) StdoutLine: {'line': b'-- Up-to-date: /home/zzs/workspace/ros2/ros2_study/chapt7/chapt7_ws/install/zzs_navigation2/share/zzs_navigation2/maps\n'}
[4.286114] (zzs_navigation2) StdoutLine: {'line': b'-- Up-to-date: /home/zzs/workspace/ros2/ros2_study/chapt7/chapt7_ws/install/zzs_navigation2/share/zzs_navigation2/maps/room.pgm\n'}
[4.286158] (zzs_navigation2) StdoutLine: {'line': b'-- Up-to-date: /home/zzs/workspace/ros2/ros2_study/chapt7/chapt7_ws/install/zzs_navigation2/share/zzs_navigation2/maps/room.yaml\n'}
[4.286199] (zzs_navigation2) StdoutLine: {'line': b'-- Up-to-date: /home/zzs/workspace/ros2/ros2_study/chapt7/chapt7_ws/install/zzs_navigation2/share/ament_index/resource_index/package_run_dependencies/zzs_navigation2\n'}
[4.286240] (zzs_navigation2) StdoutLine: {'line': b'-- Up-to-date: /home/zzs/workspace/ros2/ros2_study/chapt7/chapt7_ws/install/zzs_navigation2/share/ament_index/resource_index/parent_prefix_path/zzs_navigation2\n'}
[4.286292] (zzs_navigation2) StdoutLine: {'line': b'-- Up-to-date: /home/zzs/workspace/ros2/ros2_study/chapt7/chapt7_ws/install/zzs_navigation2/share/zzs_navigation2/environment/ament_prefix_path.sh\n'}
[4.286335] (zzs_navigation2) StdoutLine: {'line': b'-- Up-to-date: /home/zzs/workspace/ros2/ros2_study/chapt7/chapt7_ws/install/zzs_navigation2/share/zzs_navigation2/environment/ament_prefix_path.dsv\n'}
[4.286376] (zzs_navigation2) StdoutLine: {'line': b'-- Up-to-date: /home/zzs/workspace/ros2/ros2_study/chapt7/chapt7_ws/install/zzs_navigation2/share/zzs_navigation2/environment/path.sh\n'}
[4.286418] (zzs_navigation2) StdoutLine: {'line': b'-- Up-to-date: /home/zzs/workspace/ros2/ros2_study/chapt7/chapt7_ws/install/zzs_navigation2/share/zzs_navigation2/environment/path.dsv\n'}
[4.286559] (zzs_navigation2) StdoutLine: {'line': b'-- Up-to-date: /home/zzs/workspace/ros2/ros2_study/chapt7/chapt7_ws/install/zzs_navigation2/share/zzs_navigation2/local_setup.bash\n'}
[4.286638] (zzs_navigation2) StdoutLine: {'line': b'-- Up-to-date: /home/zzs/workspace/ros2/ros2_study/chapt7/chapt7_ws/install/zzs_navigation2/share/zzs_navigation2/local_setup.sh\n'}
[4.286692] (zzs_navigation2) StdoutLine: {'line': b'-- Up-to-date: /home/zzs/workspace/ros2/ros2_study/chapt7/chapt7_ws/install/zzs_navigation2/share/zzs_navigation2/local_setup.zsh\n'}
[4.286736] (zzs_navigation2) StdoutLine: {'line': b'-- Up-to-date: /home/zzs/workspace/ros2/ros2_study/chapt7/chapt7_ws/install/zzs_navigation2/share/zzs_navigation2/local_setup.dsv\n'}
[4.286778] (zzs_navigation2) StdoutLine: {'line': b'-- Installing: /home/zzs/workspace/ros2/ros2_study/chapt7/chapt7_ws/install/zzs_navigation2/share/zzs_navigation2/package.dsv\n'}
[4.301114] (zzs_navigation2) StdoutLine: {'line': b'-- Up-to-date: /home/zzs/workspace/ros2/ros2_study/chapt7/chapt7_ws/install/zzs_navigation2/share/ament_index/resource_index/packages/zzs_navigation2\n'}
[4.301244] (zzs_navigation2) StdoutLine: {'line': b'-- Up-to-date: /home/zzs/workspace/ros2/ros2_study/chapt7/chapt7_ws/install/zzs_navigation2/share/zzs_navigation2/cmake/zzs_navigation2Config.cmake\n'}
[4.301297] (zzs_navigation2) StdoutLine: {'line': b'-- Up-to-date: /home/zzs/workspace/ros2/ros2_study/chapt7/chapt7_ws/install/zzs_navigation2/share/zzs_navigation2/cmake/zzs_navigation2Config-version.cmake\n'}
[4.301421] (zzs_navigation2) StdoutLine: {'line': b'-- Up-to-date: /home/zzs/workspace/ros2/ros2_study/chapt7/chapt7_ws/install/zzs_navigation2/share/zzs_navigation2/package.xml\n'}
[4.301503] (zzs_navigation2) CommandEnded: {'returncode': 0}
[4.354707] (-) TimerEvent: {}
[4.375302] (zzs_navigation2) JobEnded: {'identifier': 'zzs_navigation2', 'rc': 0}
[4.456442] (-) TimerEvent: {}
[4.557517] (-) TimerEvent: {}
[4.613168] (autopatrol_interfaces) StdoutLine: {'line': b'[  6%] Built target autopatrol_interfaces__cpp\n'}
[4.657753] (-) TimerEvent: {}
[4.708587] (autopatrol_interfaces) StdoutLine: {'line': b'[  9%] \x1b[34m\x1b[1mGenerating Rust code for ROS interfaces\x1b[0m\n'}
[4.738573] (autopatrol_interfaces) StdoutLine: {'line': b'[ 12%] \x1b[32mBuilding C object CMakeFiles/autopatrol_interfaces__rosidl_generator_c.dir/rosidl_generator_c/autopatrol_interfaces/srv/detail/speach_text__functions.c.o\x1b[0m\n'}
[4.762790] (-) TimerEvent: {}
[4.863709] (-) TimerEvent: {}
[4.964870] (-) TimerEvent: {}
[4.965115] (autopatrol_interfaces) StdoutLine: {'line': b'[ 15%] \x1b[32m\x1b[1mLinking C shared library libautopatrol_interfaces__rosidl_generator_c.so\x1b[0m\n'}
[5.070393] (-) TimerEvent: {}
[5.123721] (autopatrol_interfaces) StdoutLine: {'line': b'[ 15%] Built target autopatrol_interfaces__rosidl_generator_c\n'}
[5.170613] (-) TimerEvent: {}
[5.229918] (autopatrol_interfaces) StdoutLine: {'line': b'[ 15%] Built target ament_cmake_python_copy_autopatrol_interfaces\n'}
[5.271064] (-) TimerEvent: {}
[5.279841] (autopatrol_interfaces) StdoutLine: {'line': b'[ 18%] \x1b[34m\x1b[1mGenerating C++ type support for eProsima Fast-RTPS\x1b[0m\n'}
[5.328125] (autopatrol_interfaces) StdoutLine: {'line': b'[ 18%] Built target autopatrol_interfaces__rs\n'}
[5.368847] (autopatrol_interfaces) StdoutLine: {'line': b'[ 21%] \x1b[34m\x1b[1mGenerating C++ introspection for ROS interfaces\x1b[0m\n'}
[5.372651] (-) TimerEvent: {}
[5.473923] (-) TimerEvent: {}
[5.575838] (-) TimerEvent: {}
[5.677591] (-) TimerEvent: {}
[5.779478] (-) TimerEvent: {}
[5.887469] (-) TimerEvent: {}
[5.958629] (autopatrol_interfaces) StdoutLine: {'line': b'[ 25%] \x1b[32mBuilding CXX object CMakeFiles/autopatrol_interfaces__rosidl_typesupport_fastrtps_cpp.dir/rosidl_typesupport_fastrtps_cpp/autopatrol_interfaces/srv/detail/dds_fastrtps/speach_text__type_support.cpp.o\x1b[0m\n'}
[5.987697] (-) TimerEvent: {}
[6.022749] (autopatrol_interfaces) StdoutLine: {'line': b'[ 28%] \x1b[32mBuilding CXX object CMakeFiles/autopatrol_interfaces__rosidl_typesupport_introspection_cpp.dir/rosidl_typesupport_introspection_cpp/autopatrol_interfaces/srv/detail/speach_text__type_support.cpp.o\x1b[0m\n'}
[6.088245] (-) TimerEvent: {}
[6.188854] (-) TimerEvent: {}
[6.289403] (-) TimerEvent: {}
[6.391984] (-) TimerEvent: {}
[6.492922] (-) TimerEvent: {}
[6.596666] (-) TimerEvent: {}
[6.697491] (-) TimerEvent: {}
[6.799770] (-) TimerEvent: {}
[6.901374] (-) TimerEvent: {}
[6.975877] (autopatrol_interfaces) StdoutLine: {'line': b'[ 31%] \x1b[32m\x1b[1mLinking CXX shared library libautopatrol_interfaces__rosidl_typesupport_fastrtps_cpp.so\x1b[0m\n'}
[7.004860] (-) TimerEvent: {}
[7.071706] (autopatrol_interfaces) StdoutLine: {'line': b'[ 34%] \x1b[32m\x1b[1mLinking CXX shared library libautopatrol_interfaces__rosidl_typesupport_introspection_cpp.so\x1b[0m\n'}
[7.109569] (-) TimerEvent: {}
[7.212115] (-) TimerEvent: {}
[7.293798] (autopatrol_interfaces) StdoutLine: {'line': b'[ 34%] Built target autopatrol_interfaces__rosidl_typesupport_fastrtps_cpp\n'}
[7.295561] (autopatrol_interfaces) StdoutLine: {'line': b'[ 34%] Built target autopatrol_interfaces__rosidl_typesupport_introspection_cpp\n'}
[7.314019] (-) TimerEvent: {}
[7.329525] (autopatrol_interfaces) StdoutLine: {'line': b'[ 37%] \x1b[34m\x1b[1mGenerating C type support dispatch for ROS interfaces\x1b[0m\n'}
[7.331806] (autopatrol_interfaces) StdoutLine: {'line': b'[ 40%] \x1b[34m\x1b[1mGenerating C++ type support dispatch for ROS interfaces\x1b[0m\n'}
[7.415494] (-) TimerEvent: {}
[7.516722] (-) TimerEvent: {}
[7.619848] (-) TimerEvent: {}
[7.721922] (-) TimerEvent: {}
[7.824421] (-) TimerEvent: {}
[7.926819] (-) TimerEvent: {}
[7.937210] (autopatrol_interfaces) StdoutLine: {'line': b'[ 43%] \x1b[32mBuilding CXX object CMakeFiles/autopatrol_interfaces__rosidl_typesupport_cpp.dir/rosidl_typesupport_cpp/autopatrol_interfaces/srv/speach_text__type_support.cpp.o\x1b[0m\n'}
[7.952470] (autopatrol_interfaces) StdoutLine: {'line': b'[ 46%] \x1b[32mBuilding CXX object CMakeFiles/autopatrol_interfaces__rosidl_typesupport_c.dir/rosidl_typesupport_c/autopatrol_interfaces/srv/speach_text__type_support.cpp.o\x1b[0m\n'}
[8.032112] (-) TimerEvent: {}
[8.053939] (autopatrol_interfaces) StdoutLine: {'line': b'[ 50%] \x1b[32m\x1b[1mLinking CXX shared library libautopatrol_interfaces__rosidl_typesupport_c.so\x1b[0m\n'}
[8.133892] (-) TimerEvent: {}
[8.175276] (autopatrol_interfaces) StdoutLine: {'line': b'[ 50%] Built target autopatrol_interfaces__rosidl_typesupport_c\n'}
[8.210340] (autopatrol_interfaces) StdoutLine: {'line': b'[ 53%] \x1b[34m\x1b[1mGenerating C introspection for ROS interfaces\x1b[0m\n'}
[8.235642] (-) TimerEvent: {}
[8.338675] (-) TimerEvent: {}
[8.439715] (-) TimerEvent: {}
[8.542311] (-) TimerEvent: {}
[8.588824] (autopatrol_interfaces) StdoutLine: {'line': b'[ 56%] \x1b[32m\x1b[1mLinking CXX shared library libautopatrol_interfaces__rosidl_typesupport_cpp.so\x1b[0m\n'}
[8.647321] (-) TimerEvent: {}
[8.708908] (autopatrol_interfaces) StdoutLine: {'line': b'[ 56%] Built target autopatrol_interfaces__rosidl_typesupport_cpp\n'}
[8.740620] (autopatrol_interfaces) StdoutLine: {'line': b'[ 59%] \x1b[34m\x1b[1mGenerating C type support for eProsima Fast-RTPS\x1b[0m\n'}
[8.750559] (-) TimerEvent: {}
[8.795955] (autopatrol_interfaces) StdoutLine: {'line': b'[ 62%] \x1b[32mBuilding C object CMakeFiles/autopatrol_interfaces__rosidl_typesupport_introspection_c.dir/rosidl_typesupport_introspection_c/autopatrol_interfaces/srv/detail/speach_text__type_support.c.o\x1b[0m\n'}
[8.853936] (-) TimerEvent: {}
[8.947917] (autopatrol_interfaces) StdoutLine: {'line': b'[ 65%] \x1b[32m\x1b[1mLinking C shared library libautopatrol_interfaces__rosidl_typesupport_introspection_c.so\x1b[0m\n'}
[8.955869] (-) TimerEvent: {}
[9.043034] (autopatrol_interfaces) StdoutLine: {'line': b'[ 65%] Built target autopatrol_interfaces__rosidl_typesupport_introspection_c\n'}
[9.057512] (-) TimerEvent: {}
[9.158466] (-) TimerEvent: {}
[9.217089] (autopatrol_interfaces) StdoutLine: {'line': b'[ 68%] \x1b[32mBuilding CXX object CMakeFiles/autopatrol_interfaces__rosidl_typesupport_fastrtps_c.dir/rosidl_typesupport_fastrtps_c/autopatrol_interfaces/srv/detail/speach_text__type_support_c.cpp.o\x1b[0m\n'}
[9.261741] (-) TimerEvent: {}
[9.364950] (-) TimerEvent: {}
[9.466532] (-) TimerEvent: {}
[9.568333] (-) TimerEvent: {}
[9.577327] (autopatrol_interfaces) StdoutLine: {'line': b'running egg_info\n'}
[9.589306] (autopatrol_interfaces) StdoutLine: {'line': b'creating autopatrol_interfaces.egg-info\n'}
[9.589477] (autopatrol_interfaces) StdoutLine: {'line': b'writing autopatrol_interfaces.egg-info/PKG-INFO\n'}
[9.589529] (autopatrol_interfaces) StdoutLine: {'line': b'writing dependency_links to autopatrol_interfaces.egg-info/dependency_links.txt\n'}
[9.589668] (autopatrol_interfaces) StdoutLine: {'line': b'writing top-level names to autopatrol_interfaces.egg-info/top_level.txt\n'}
[9.590019] (autopatrol_interfaces) StdoutLine: {'line': b"writing manifest file 'autopatrol_interfaces.egg-info/SOURCES.txt'\n"}
[9.590180] (autopatrol_interfaces) StdoutLine: {'line': b"reading manifest file 'autopatrol_interfaces.egg-info/SOURCES.txt'\n"}
[9.590231] (autopatrol_interfaces) StdoutLine: {'line': b"writing manifest file 'autopatrol_interfaces.egg-info/SOURCES.txt'\n"}
[9.669278] (-) TimerEvent: {}
[9.689791] (autopatrol_interfaces) StdoutLine: {'line': b'[ 68%] Built target ament_cmake_python_build_autopatrol_interfaces_egg\n'}
[9.769934] (-) TimerEvent: {}
[9.829292] (autopatrol_interfaces) StdoutLine: {'line': b'[ 71%] \x1b[32m\x1b[1mLinking CXX shared library libautopatrol_interfaces__rosidl_typesupport_fastrtps_c.so\x1b[0m\n'}
[9.871004] (-) TimerEvent: {}
[9.950532] (autopatrol_interfaces) StdoutLine: {'line': b'[ 71%] Built target autopatrol_interfaces__rosidl_typesupport_fastrtps_c\n'}
[9.972351] (-) TimerEvent: {}
[9.991533] (autopatrol_interfaces) StdoutLine: {'line': b'[ 71%] Built target autopatrol_interfaces\n'}
[10.033454] (autopatrol_interfaces) StdoutLine: {'line': b'[ 75%] \x1b[34m\x1b[1mGenerating Python code for ROS interfaces\x1b[0m\n'}
[10.074353] (-) TimerEvent: {}
[10.175435] (-) TimerEvent: {}
[10.277187] (-) TimerEvent: {}
[10.378620] (-) TimerEvent: {}
[10.412610] (autopatrol_interfaces) StdoutLine: {'line': b'[ 75%] Built target autopatrol_interfaces__py\n'}
[10.444030] (autopatrol_interfaces) StdoutLine: {'line': b'[ 78%] \x1b[32mBuilding C object CMakeFiles/autopatrol_interfaces__rosidl_generator_py.dir/rosidl_generator_py/autopatrol_interfaces/srv/_speach_text_s.c.o\x1b[0m\n'}
[10.478954] (-) TimerEvent: {}
[10.580287] (-) TimerEvent: {}
[10.648178] (autopatrol_interfaces) StdoutLine: {'line': b'[ 81%] \x1b[32m\x1b[1mLinking C shared library rosidl_generator_py/autopatrol_interfaces/libautopatrol_interfaces__rosidl_generator_py.so\x1b[0m\n'}
[10.680694] (-) TimerEvent: {}
[10.704413] (autopatrol_interfaces) StdoutLine: {'line': b'[ 81%] Built target autopatrol_interfaces__rosidl_generator_py\n'}
[10.736869] (autopatrol_interfaces) StdoutLine: {'line': b'[ 84%] \x1b[32mBuilding C object CMakeFiles/autopatrol_interfaces__rosidl_typesupport_introspection_c__pyext.dir/rosidl_generator_py/autopatrol_interfaces/_autopatrol_interfaces_s.ep.rosidl_typesupport_introspection_c.c.o\x1b[0m\n'}
[10.741137] (autopatrol_interfaces) StdoutLine: {'line': b'[ 87%] \x1b[32mBuilding C object CMakeFiles/autopatrol_interfaces__rosidl_typesupport_fastrtps_c__pyext.dir/rosidl_generator_py/autopatrol_interfaces/_autopatrol_interfaces_s.ep.rosidl_typesupport_fastrtps_c.c.o\x1b[0m\n'}
[10.781810] (-) TimerEvent: {}
[10.847365] (autopatrol_interfaces) StdoutLine: {'line': b'[ 90%] \x1b[32m\x1b[1mLinking C shared library rosidl_generator_py/autopatrol_interfaces/autopatrol_interfaces_s__rosidl_typesupport_introspection_c.cpython-310-x86_64-linux-gnu.so\x1b[0m\n'}
[10.850812] (autopatrol_interfaces) StdoutLine: {'line': b'[ 93%] \x1b[32m\x1b[1mLinking C shared library rosidl_generator_py/autopatrol_interfaces/autopatrol_interfaces_s__rosidl_typesupport_fastrtps_c.cpython-310-x86_64-linux-gnu.so\x1b[0m\n'}
[10.882133] (-) TimerEvent: {}
[10.892627] (autopatrol_interfaces) StdoutLine: {'line': b'[ 93%] Built target autopatrol_interfaces__rosidl_typesupport_fastrtps_c__pyext\n'}
[10.894891] (autopatrol_interfaces) StdoutLine: {'line': b'[ 93%] Built target autopatrol_interfaces__rosidl_typesupport_introspection_c__pyext\n'}
[10.929021] (autopatrol_interfaces) StdoutLine: {'line': b'[ 96%] \x1b[32mBuilding C object CMakeFiles/autopatrol_interfaces__rosidl_typesupport_c__pyext.dir/rosidl_generator_py/autopatrol_interfaces/_autopatrol_interfaces_s.ep.rosidl_typesupport_c.c.o\x1b[0m\n'}
[10.984435] (-) TimerEvent: {}
[11.046532] (autopatrol_interfaces) StdoutLine: {'line': b'[100%] \x1b[32m\x1b[1mLinking C shared library rosidl_generator_py/autopatrol_interfaces/autopatrol_interfaces_s__rosidl_typesupport_c.cpython-310-x86_64-linux-gnu.so\x1b[0m\n'}
[11.085753] (-) TimerEvent: {}
[11.111433] (autopatrol_interfaces) StdoutLine: {'line': b'[100%] Built target autopatrol_interfaces__rosidl_typesupport_c__pyext\n'}
[11.134851] (autopatrol_interfaces) CommandEnded: {'returncode': 0}
[11.136587] (autopatrol_interfaces) JobProgress: {'identifier': 'autopatrol_interfaces', 'progress': 'install'}
[11.140717] (autopatrol_interfaces) Command: {'cmd': ['/usr/bin/cmake', '--install', '/home/zzs/workspace/ros2/ros2_study/chapt7/chapt7_ws/build/autopatrol_interfaces'], 'cwd': '/home/zzs/workspace/ros2/ros2_study/chapt7/chapt7_ws/build/autopatrol_interfaces', 'env': OrderedDict([('PYTHON_BASIC_REPL', '1'), ('LESSOPEN', '| /usr/bin/lesspipe %s'), ('USER', 'zzs'), ('XDG_SESSION_TYPE', 'wayland'), ('GIT_ASKPASS', '/usr/share/code/resources/app/extensions/git/dist/askpass.sh'), ('SHLVL', '2'), ('LD_LIBRARY_PATH', '/usr/lib/x86_64-linux-gnu/gazebo-11/plugins:/opt/ros/humble/opt/rviz_ogre_vendor/lib:/opt/ros/humble/lib/x86_64-linux-gnu:/opt/ros/humble/lib'), ('HOME', '/home/zzs'), ('CHROME_DESKTOP', 'code.desktop'), ('TERM_PROGRAM_VERSION', '1.137.0'), ('DESKTOP_SESSION', 'ubuntu'), ('ROS_PYTHON_VERSION', '3'), ('GNOME_SHELL_SESSION_MODE', 'ubuntu'), ('GTK_MODULES', 'gail:atk-bridge'), ('VSCODE_GIT_ASKPASS_MAIN', '/usr/share/code/resources/app/extensions/git/dist/askpass-main.js'), ('VSCODE_GIT_ASKPASS_NODE', '/usr/share/code/code'), ('PYDEVD_DISABLE_FILE_VALIDATION', '1'), ('DBUS_STARTER_BUS_TYPE', 'session'), ('SYSTEMD_EXEC_PID', '1214'), ('BUNDLED_DEBUGPY_PATH', '/home/zzs/.vscode/extensions/ms-python.debugpy-2026.6.0-linux-x64/bundled/libs/debugpy'), ('VSCODE_PYTHON_AUTOACTIVATE_GUARD', '1'), ('DBUS_SESSION_BUS_ADDRESS', 'unix:path=/run/user/1000/bus,guid=05e5810c991e130404bb581e6aa7e806'), ('COLORTERM', 'truecolor'), ('IM_CONFIG_PHASE', '1'), ('WAYLAND_DISPLAY', 'wayland-0'), ('ROS_DISTRO', 'humble'), ('LOGNAME', 'zzs'), ('_', '/usr/bin/colcon'), ('ROS_VERSION', '2'), ('XDG_SESSION_CLASS', 'user'), ('USERNAME', 'zzs'), ('TERM', 'xterm-256color'), ('GNOME_DESKTOP_SESSION_ID', 'this-is-deprecated'), ('FC_FONTATIONS', '1'), ('ROS_LOCALHOST_ONLY', '0'), ('PATH', '/opt/ros/humble/bin:/usr/local/sbin:/usr/local/bin:/usr/sbin:/usr/bin:/sbin:/bin:/usr/games:/usr/local/games:/snap/bin:/snap/bin:/home/zzs/.vscode/extensions/ms-python.debugpy-2026.6.0-linux-x64/bundled/scripts/noConfigScripts'), ('SESSION_MANAGER', 'local/zzs-virtual-machine:@/tmp/.ICE-unix/1214,unix/zzs-virtual-machine:/tmp/.ICE-unix/1214'), ('XDG_MENU_PREFIX', 'gnome-'), ('GNOME_TERMINAL_SCREEN', '/org/gnome/Terminal/screen/97dfa721_95c6_4778_9959_a3ec9d1a717c'), ('GNOME_SETUP_DISPLAY', ':1'), ('XDG_RUNTIME_DIR', '/run/user/1000'), ('GDK_BACKEND', 'wayland'), ('DISPLAY', ':0'), ('VSCODE_DEBUGPY_ADAPTER_ENDPOINTS', '/home/zzs/.vscode/extensions/ms-python.debugpy-2026.6.0-linux-x64/.noConfigDebugAdapterEndpoints/endpoint-ea54c2323ddbdc0f.txt'), ('LANG', 'en_US.UTF-8'), ('XDG_CURRENT_DESKTOP', 'ubuntu:GNOME'), ('PYTHONSTARTUP', '/home/zzs/.config/Code/User/workspaceStorage/66decf5cf11c7070c2f4eb1744a31051/ms-python.python/pythonrc.py'), ('XMODIFIERS', '@im=ibus'), ('XDG_SESSION_DESKTOP', 'ubuntu'), ('XAUTHORITY', '/run/user/1000/.mutter-Xwaylandauth.HY2SV3'), ('LS_COLORS', 'rs=0:di=01;34:ln=01;36:mh=00:pi=40;33:so=01;35:do=01;35:bd=40;33;01:cd=40;33;01:or=40;31;01:mi=00:su=37;41:sg=30;43:ca=30;41:tw=30;42:ow=34;42:st=37;44:ex=01;32:*.tar=01;31:*.tgz=01;31:*.arc=01;31:*.arj=01;31:*.taz=01;31:*.lha=01;31:*.lz4=01;31:*.lzh=01;31:*.lzma=01;31:*.tlz=01;31:*.txz=01;31:*.tzo=01;31:*.t7z=01;31:*.zip=01;31:*.z=01;31:*.dz=01;31:*.gz=01;31:*.lrz=01;31:*.lz=01;31:*.lzo=01;31:*.xz=01;31:*.zst=01;31:*.tzst=01;31:*.bz2=01;31:*.bz=01;31:*.tbz=01;31:*.tbz2=01;31:*.tz=01;31:*.deb=01;31:*.rpm=01;31:*.jar=01;31:*.war=01;31:*.ear=01;31:*.sar=01;31:*.rar=01;31:*.alz=01;31:*.ace=01;31:*.zoo=01;31:*.cpio=01;31:*.7z=01;31:*.rz=01;31:*.cab=01;31:*.wim=01;31:*.swm=01;31:*.dwm=01;31:*.esd=01;31:*.jpg=01;35:*.jpeg=01;35:*.mjpg=01;35:*.mjpeg=01;35:*.gif=01;35:*.bmp=01;35:*.pbm=01;35:*.pgm=01;35:*.ppm=01;35:*.tga=01;35:*.xbm=01;35:*.xpm=01;35:*.tif=01;35:*.tiff=01;35:*.png=01;35:*.svg=01;35:*.svgz=01;35:*.mng=01;35:*.pcx=01;35:*.mov=01;35:*.mpg=01;35:*.mpeg=01;35:*.m2v=01;35:*.mkv=01;35:*.webm=01;35:*.webp=01;35:*.ogm=01;35:*.mp4=01;35:*.m4v=01;35:*.mp4v=01;35:*.vob=01;35:*.qt=01;35:*.nuv=01;35:*.wmv=01;35:*.asf=01;35:*.rm=01;35:*.rmvb=01;35:*.flc=01;35:*.avi=01;35:*.fli=01;35:*.flv=01;35:*.gl=01;35:*.dl=01;35:*.xcf=01;35:*.xwd=01;35:*.yuv=01;35:*.cgm=01;35:*.emf=01;35:*.ogv=01;35:*.ogx=01;35:*.aac=00;36:*.au=00;36:*.flac=00;36:*.m4a=00;36:*.mid=00;36:*.midi=00;36:*.mka=00;36:*.mp3=00;36:*.mpc=00;36:*.ogg=00;36:*.ra=00;36:*.wav=00;36:*.oga=00;36:*.opus=00;36:*.spx=00;36:*.xspf=00;36:'), ('VSCODE_GIT_IPC_HANDLE', '/run/user/1000/vscode-git-763bc90ed1.sock'), ('GNOME_TERMINAL_SERVICE', ':1.103'), ('TERM_PROGRAM', 'vscode'), ('SSH_AGENT_LAUNCHER', 'gnome-keyring'), ('SSH_AUTH_SOCK', '/run/user/1000/keyring/ssh'), ('AMENT_PREFIX_PATH', '/opt/ros/humble'), ('SHELL', '/bin/bash'), ('QT_ACCESSIBILITY', '1'), ('GDMSESSION', 'ubuntu'), ('LESSCLOSE', '/usr/bin/lesspipe %s %s'), ('VSCODE_GIT_ASKPASS_EXTRA_ARGS', ''), ('QT_IM_MODULE', 'ibus'), ('PWD', '/home/zzs/workspace/ros2/ros2_study/chapt7/chapt7_ws/build/autopatrol_interfaces'), ('LC_ALL', 'en_US.UTF-8'), ('XDG_CONFIG_DIRS', '/etc/xdg/xdg-ubuntu:/etc/xdg'), ('DBUS_STARTER_ADDRESS', 'unix:path=/run/user/1000/bus,guid=05e5810c991e130404bb581e6aa7e806'), ('XDG_DATA_DIRS', '/usr/share/ubuntu:/usr/local/share/:/usr/share/:/var/lib/snapd/desktop'), ('PYTHONPATH', '/opt/ros/humble/lib/python3.10/site-packages:/opt/ros/humble/local/lib/python3.10/dist-packages'), ('COLCON', '1'), ('VTE_VERSION', '6800'), ('CMAKE_PREFIX_PATH', '/opt/ros/humble')]), 'shell': False}
[11.154867] (autopatrol_interfaces) StdoutLine: {'line': b'-- Install configuration: ""\n'}
[11.155128] (autopatrol_interfaces) StdoutLine: {'line': b'-- Installing: /home/zzs/workspace/ros2/ros2_study/chapt7/chapt7_ws/install/autopatrol_interfaces/share/ament_index/resource_index/rosidl_interfaces/autopatrol_interfaces\n'}
[11.155268] (autopatrol_interfaces) StdoutLine: {'line': b'-- Installing: /home/zzs/workspace/ros2/ros2_study/chapt7/chapt7_ws/install/autopatrol_interfaces/include/autopatrol_interfaces/autopatrol_interfaces\n'}
[11.155900] (autopatrol_interfaces) StdoutLine: {'line': b'-- Installing: /home/zzs/workspace/ros2/ros2_study/chapt7/chapt7_ws/install/autopatrol_interfaces/include/autopatrol_interfaces/autopatrol_interfaces/srv\n'}
[11.155986] (autopatrol_interfaces) StdoutLine: {'line': b'-- Installing: /home/zzs/workspace/ros2/ros2_study/chapt7/chapt7_ws/install/autopatrol_interfaces/include/autopatrol_interfaces/autopatrol_interfaces/srv/detail\n'}
[11.156641] (autopatrol_interfaces) StdoutLine: {'line': b'-- Installing: /home/zzs/workspace/ros2/ros2_study/chapt7/chapt7_ws/install/autopatrol_interfaces/include/autopatrol_interfaces/autopatrol_interfaces/srv/detail/speach_text__functions.c\n'}
[11.156760] (autopatrol_interfaces) StdoutLine: {'line': b'-- Installing: /home/zzs/workspace/ros2/ros2_study/chapt7/chapt7_ws/install/autopatrol_interfaces/include/autopatrol_interfaces/autopatrol_interfaces/srv/detail/speach_text__functions.h\n'}
[11.156864] (autopatrol_interfaces) StdoutLine: {'line': b'-- Installing: /home/zzs/workspace/ros2/ros2_study/chapt7/chapt7_ws/install/autopatrol_interfaces/include/autopatrol_interfaces/autopatrol_interfaces/srv/detail/speach_text__type_support.h\n'}
[11.156932] (autopatrol_interfaces) StdoutLine: {'line': b'-- Installing: /home/zzs/workspace/ros2/ros2_study/chapt7/chapt7_ws/install/autopatrol_interfaces/include/autopatrol_interfaces/autopatrol_interfaces/srv/detail/speach_text__struct.h\n'}
[11.156981] (autopatrol_interfaces) StdoutLine: {'line': b'-- Installing: /home/zzs/workspace/ros2/ros2_study/chapt7/chapt7_ws/install/autopatrol_interfaces/include/autopatrol_interfaces/autopatrol_interfaces/srv/speach_text.h\n'}
[11.157320] (autopatrol_interfaces) StdoutLine: {'line': b'-- Installing: /home/zzs/workspace/ros2/ros2_study/chapt7/chapt7_ws/install/autopatrol_interfaces/include/autopatrol_interfaces/autopatrol_interfaces/msg\n'}
[11.157614] (autopatrol_interfaces) StdoutLine: {'line': b'-- Installing: /home/zzs/workspace/ros2/ros2_study/chapt7/chapt7_ws/install/autopatrol_interfaces/include/autopatrol_interfaces/autopatrol_interfaces/msg/rosidl_generator_c__visibility_control.h\n'}
[11.159675] (autopatrol_interfaces) StdoutLine: {'line': b'-- Installing: /home/zzs/workspace/ros2/ros2_study/chapt7/chapt7_ws/install/autopatrol_interfaces/share/autopatrol_interfaces/environment/library_path.sh\n'}
[11.159752] (autopatrol_interfaces) StdoutLine: {'line': b'-- Installing: /home/zzs/workspace/ros2/ros2_study/chapt7/chapt7_ws/install/autopatrol_interfaces/share/autopatrol_interfaces/environment/library_path.dsv\n'}
[11.159802] (autopatrol_interfaces) StdoutLine: {'line': b'-- Installing: /home/zzs/workspace/ros2/ros2_study/chapt7/chapt7_ws/install/autopatrol_interfaces/lib/libautopatrol_interfaces__rosidl_generator_c.so\n'}
[11.159847] (autopatrol_interfaces) StdoutLine: {'line': b'-- Set runtime path of "/home/zzs/workspace/ros2/ros2_study/chapt7/chapt7_ws/install/autopatrol_interfaces/lib/libautopatrol_interfaces__rosidl_generator_c.so" to ""\n'}
[11.159889] (autopatrol_interfaces) StdoutLine: {'line': b'-- Up-to-date: /home/zzs/workspace/ros2/ros2_study/chapt7/chapt7_ws/install/autopatrol_interfaces/include/autopatrol_interfaces/autopatrol_interfaces\n'}
[11.159929] (autopatrol_interfaces) StdoutLine: {'line': b'-- Up-to-date: /home/zzs/workspace/ros2/ros2_study/chapt7/chapt7_ws/install/autopatrol_interfaces/include/autopatrol_interfaces/autopatrol_interfaces/srv\n'}
[11.159968] (autopatrol_interfaces) StdoutLine: {'line': b'-- Up-to-date: /home/zzs/workspace/ros2/ros2_study/chapt7/chapt7_ws/install/autopatrol_interfaces/include/autopatrol_interfaces/autopatrol_interfaces/srv/detail\n'}
[11.160009] (autopatrol_interfaces) StdoutLine: {'line': b'-- Installing: /home/zzs/workspace/ros2/ros2_study/chapt7/chapt7_ws/install/autopatrol_interfaces/include/autopatrol_interfaces/autopatrol_interfaces/srv/detail/speach_text__rosidl_typesupport_fastrtps_c.h\n'}
[11.160049] (autopatrol_interfaces) StdoutLine: {'line': b'-- Up-to-date: /home/zzs/workspace/ros2/ros2_study/chapt7/chapt7_ws/install/autopatrol_interfaces/include/autopatrol_interfaces/autopatrol_interfaces/msg\n'}
[11.160089] (autopatrol_interfaces) StdoutLine: {'line': b'-- Installing: /home/zzs/workspace/ros2/ros2_study/chapt7/chapt7_ws/install/autopatrol_interfaces/include/autopatrol_interfaces/autopatrol_interfaces/msg/rosidl_typesupport_fastrtps_c__visibility_control.h\n'}
[11.160135] (autopatrol_interfaces) StdoutLine: {'line': b'-- Installing: /home/zzs/workspace/ros2/ros2_study/chapt7/chapt7_ws/install/autopatrol_interfaces/lib/libautopatrol_interfaces__rosidl_typesupport_fastrtps_c.so\n'}
[11.160175] (autopatrol_interfaces) StdoutLine: {'line': b'-- Set runtime path of "/home/zzs/workspace/ros2/ros2_study/chapt7/chapt7_ws/install/autopatrol_interfaces/lib/libautopatrol_interfaces__rosidl_typesupport_fastrtps_c.so" to ""\n'}
[11.160260] (autopatrol_interfaces) StdoutLine: {'line': b'-- Up-to-date: /home/zzs/workspace/ros2/ros2_study/chapt7/chapt7_ws/install/autopatrol_interfaces/include/autopatrol_interfaces/autopatrol_interfaces\n'}
[11.160432] (autopatrol_interfaces) StdoutLine: {'line': b'-- Up-to-date: /home/zzs/workspace/ros2/ros2_study/chapt7/chapt7_ws/install/autopatrol_interfaces/include/autopatrol_interfaces/autopatrol_interfaces/srv\n'}
[11.160562] (autopatrol_interfaces) StdoutLine: {'line': b'-- Up-to-date: /home/zzs/workspace/ros2/ros2_study/chapt7/chapt7_ws/install/autopatrol_interfaces/include/autopatrol_interfaces/autopatrol_interfaces/srv/detail\n'}
[11.160693] (autopatrol_interfaces) StdoutLine: {'line': b'-- Installing: /home/zzs/workspace/ros2/ros2_study/chapt7/chapt7_ws/install/autopatrol_interfaces/include/autopatrol_interfaces/autopatrol_interfaces/srv/detail/speach_text__type_support.c\n'}
[11.160758] (autopatrol_interfaces) StdoutLine: {'line': b'-- Installing: /home/zzs/workspace/ros2/ros2_study/chapt7/chapt7_ws/install/autopatrol_interfaces/include/autopatrol_interfaces/autopatrol_interfaces/srv/detail/speach_text__rosidl_typesupport_introspection_c.h\n'}
[11.160807] (autopatrol_interfaces) StdoutLine: {'line': b'-- Up-to-date: /home/zzs/workspace/ros2/ros2_study/chapt7/chapt7_ws/install/autopatrol_interfaces/include/autopatrol_interfaces/autopatrol_interfaces/msg\n'}
[11.160851] (autopatrol_interfaces) StdoutLine: {'line': b'-- Installing: /home/zzs/workspace/ros2/ros2_study/chapt7/chapt7_ws/install/autopatrol_interfaces/include/autopatrol_interfaces/autopatrol_interfaces/msg/rosidl_typesupport_introspection_c__visibility_control.h\n'}
[11.160893] (autopatrol_interfaces) StdoutLine: {'line': b'-- Installing: /home/zzs/workspace/ros2/ros2_study/chapt7/chapt7_ws/install/autopatrol_interfaces/lib/libautopatrol_interfaces__rosidl_typesupport_introspection_c.so\n'}
[11.163681] (autopatrol_interfaces) StdoutLine: {'line': b'-- Set runtime path of "/home/zzs/workspace/ros2/ros2_study/chapt7/chapt7_ws/install/autopatrol_interfaces/lib/libautopatrol_interfaces__rosidl_typesupport_introspection_c.so" to ""\n'}
[11.163816] (autopatrol_interfaces) StdoutLine: {'line': b'-- Installing: /home/zzs/workspace/ros2/ros2_study/chapt7/chapt7_ws/install/autopatrol_interfaces/lib/libautopatrol_interfaces__rosidl_typesupport_c.so\n'}
[11.163899] (autopatrol_interfaces) StdoutLine: {'line': b'-- Set runtime path of "/home/zzs/workspace/ros2/ros2_study/chapt7/chapt7_ws/install/autopatrol_interfaces/lib/libautopatrol_interfaces__rosidl_typesupport_c.so" to ""\n'}
[11.164108] (autopatrol_interfaces) StdoutLine: {'line': b'-- Up-to-date: /home/zzs/workspace/ros2/ros2_study/chapt7/chapt7_ws/install/autopatrol_interfaces/include/autopatrol_interfaces/autopatrol_interfaces\n'}
[11.164594] (autopatrol_interfaces) StdoutLine: {'line': b'-- Up-to-date: /home/zzs/workspace/ros2/ros2_study/chapt7/chapt7_ws/install/autopatrol_interfaces/include/autopatrol_interfaces/autopatrol_interfaces/srv\n'}
[11.164959] (autopatrol_interfaces) StdoutLine: {'line': b'-- Up-to-date: /home/zzs/workspace/ros2/ros2_study/chapt7/chapt7_ws/install/autopatrol_interfaces/include/autopatrol_interfaces/autopatrol_interfaces/srv/detail\n'}
[11.165042] (autopatrol_interfaces) StdoutLine: {'line': b'-- Installing: /home/zzs/workspace/ros2/ros2_study/chapt7/chapt7_ws/install/autopatrol_interfaces/include/autopatrol_interfaces/autopatrol_interfaces/srv/detail/speach_text__builder.hpp\n'}
[11.165118] (autopatrol_interfaces) StdoutLine: {'line': b'-- Installing: /home/zzs/workspace/ros2/ros2_study/chapt7/chapt7_ws/install/autopatrol_interfaces/include/autopatrol_interfaces/autopatrol_interfaces/srv/detail/speach_text__type_support.hpp\n'}
[11.165198] (autopatrol_interfaces) StdoutLine: {'line': b'-- Installing: /home/zzs/workspace/ros2/ros2_study/chapt7/chapt7_ws/install/autopatrol_interfaces/include/autopatrol_interfaces/autopatrol_interfaces/srv/detail/speach_text__struct.hpp\n'}
[11.165266] (autopatrol_interfaces) StdoutLine: {'line': b'-- Installing: /home/zzs/workspace/ros2/ros2_study/chapt7/chapt7_ws/install/autopatrol_interfaces/include/autopatrol_interfaces/autopatrol_interfaces/srv/detail/speach_text__traits.hpp\n'}
[11.167641] (autopatrol_interfaces) StdoutLine: {'line': b'-- Installing: /home/zzs/workspace/ros2/ros2_study/chapt7/chapt7_ws/install/autopatrol_interfaces/include/autopatrol_interfaces/autopatrol_interfaces/srv/speach_text.hpp\n'}
[11.167737] (autopatrol_interfaces) StdoutLine: {'line': b'-- Up-to-date: /home/zzs/workspace/ros2/ros2_study/chapt7/chapt7_ws/install/autopatrol_interfaces/include/autopatrol_interfaces/autopatrol_interfaces/msg\n'}
[11.167790] (autopatrol_interfaces) StdoutLine: {'line': b'-- Installing: /home/zzs/workspace/ros2/ros2_study/chapt7/chapt7_ws/install/autopatrol_interfaces/include/autopatrol_interfaces/autopatrol_interfaces/msg/rosidl_generator_cpp__visibility_control.hpp\n'}
[11.167874] (autopatrol_interfaces) StdoutLine: {'line': b'-- Up-to-date: /home/zzs/workspace/ros2/ros2_study/chapt7/chapt7_ws/install/autopatrol_interfaces/include/autopatrol_interfaces/autopatrol_interfaces\n'}
[11.167947] (autopatrol_interfaces) StdoutLine: {'line': b'-- Up-to-date: /home/zzs/workspace/ros2/ros2_study/chapt7/chapt7_ws/install/autopatrol_interfaces/include/autopatrol_interfaces/autopatrol_interfaces/srv\n'}
[11.168068] (autopatrol_interfaces) StdoutLine: {'line': b'-- Up-to-date: /home/zzs/workspace/ros2/ros2_study/chapt7/chapt7_ws/install/autopatrol_interfaces/include/autopatrol_interfaces/autopatrol_interfaces/srv/detail\n'}
[11.168122] (autopatrol_interfaces) StdoutLine: {'line': b'-- Installing: /home/zzs/workspace/ros2/ros2_study/chapt7/chapt7_ws/install/autopatrol_interfaces/include/autopatrol_interfaces/autopatrol_interfaces/srv/detail/dds_fastrtps\n'}
[11.168166] (autopatrol_interfaces) StdoutLine: {'line': b'-- Installing: /home/zzs/workspace/ros2/ros2_study/chapt7/chapt7_ws/install/autopatrol_interfaces/include/autopatrol_interfaces/autopatrol_interfaces/srv/detail/speach_text__rosidl_typesupport_fastrtps_cpp.hpp\n'}
[11.168388] (autopatrol_interfaces) StdoutLine: {'line': b'-- Up-to-date: /home/zzs/workspace/ros2/ros2_study/chapt7/chapt7_ws/install/autopatrol_interfaces/include/autopatrol_interfaces/autopatrol_interfaces/msg\n'}
[11.168546] (autopatrol_interfaces) StdoutLine: {'line': b'-- Installing: /home/zzs/workspace/ros2/ros2_study/chapt7/chapt7_ws/install/autopatrol_interfaces/include/autopatrol_interfaces/autopatrol_interfaces/msg/rosidl_typesupport_fastrtps_cpp__visibility_control.h\n'}
[11.168606] (autopatrol_interfaces) StdoutLine: {'line': b'-- Installing: /home/zzs/workspace/ros2/ros2_study/chapt7/chapt7_ws/install/autopatrol_interfaces/lib/libautopatrol_interfaces__rosidl_typesupport_fastrtps_cpp.so\n'}
[11.169143] (autopatrol_interfaces) StdoutLine: {'line': b'-- Set runtime path of "/home/zzs/workspace/ros2/ros2_study/chapt7/chapt7_ws/install/autopatrol_interfaces/lib/libautopatrol_interfaces__rosidl_typesupport_fastrtps_cpp.so" to ""\n'}
[11.169214] (autopatrol_interfaces) StdoutLine: {'line': b'-- Up-to-date: /home/zzs/workspace/ros2/ros2_study/chapt7/chapt7_ws/install/autopatrol_interfaces/include/autopatrol_interfaces/autopatrol_interfaces\n'}
[11.169412] (autopatrol_interfaces) StdoutLine: {'line': b'-- Up-to-date: /home/zzs/workspace/ros2/ros2_study/chapt7/chapt7_ws/install/autopatrol_interfaces/include/autopatrol_interfaces/autopatrol_interfaces/srv\n'}
[11.169736] (autopatrol_interfaces) StdoutLine: {'line': b'-- Up-to-date: /home/zzs/workspace/ros2/ros2_study/chapt7/chapt7_ws/install/autopatrol_interfaces/include/autopatrol_interfaces/autopatrol_interfaces/srv/detail\n'}
[11.169802] (autopatrol_interfaces) StdoutLine: {'line': b'-- Installing: /home/zzs/workspace/ros2/ros2_study/chapt7/chapt7_ws/install/autopatrol_interfaces/include/autopatrol_interfaces/autopatrol_interfaces/srv/detail/speach_text__type_support.cpp\n'}
[11.169889] (autopatrol_interfaces) StdoutLine: {'line': b'-- Installing: /home/zzs/workspace/ros2/ros2_study/chapt7/chapt7_ws/install/autopatrol_interfaces/include/autopatrol_interfaces/autopatrol_interfaces/srv/detail/speach_text__rosidl_typesupport_introspection_cpp.hpp\n'}
[11.169940] (autopatrol_interfaces) StdoutLine: {'line': b'-- Installing: /home/zzs/workspace/ros2/ros2_study/chapt7/chapt7_ws/install/autopatrol_interfaces/lib/libautopatrol_interfaces__rosidl_typesupport_introspection_cpp.so\n'}
[11.170770] (autopatrol_interfaces) StdoutLine: {'line': b'-- Set runtime path of "/home/zzs/workspace/ros2/ros2_study/chapt7/chapt7_ws/install/autopatrol_interfaces/lib/libautopatrol_interfaces__rosidl_typesupport_introspection_cpp.so" to ""\n'}
[11.170849] (autopatrol_interfaces) StdoutLine: {'line': b'-- Installing: /home/zzs/workspace/ros2/ros2_study/chapt7/chapt7_ws/install/autopatrol_interfaces/lib/libautopatrol_interfaces__rosidl_typesupport_cpp.so\n'}
[11.171165] (autopatrol_interfaces) StdoutLine: {'line': b'-- Set runtime path of "/home/zzs/workspace/ros2/ros2_study/chapt7/chapt7_ws/install/autopatrol_interfaces/lib/libautopatrol_interfaces__rosidl_typesupport_cpp.so" to ""\n'}
[11.171398] (autopatrol_interfaces) StdoutLine: {'line': b'-- Installing: /home/zzs/workspace/ros2/ros2_study/chapt7/chapt7_ws/install/autopatrol_interfaces/share/autopatrol_interfaces/environment/pythonpath.sh\n'}
[11.171664] (autopatrol_interfaces) StdoutLine: {'line': b'-- Installing: /home/zzs/workspace/ros2/ros2_study/chapt7/chapt7_ws/install/autopatrol_interfaces/share/autopatrol_interfaces/environment/pythonpath.dsv\n'}
[11.171886] (autopatrol_interfaces) StdoutLine: {'line': b'-- Installing: /home/zzs/workspace/ros2/ros2_study/chapt7/chapt7_ws/install/autopatrol_interfaces/local/lib/python3.10/dist-packages/autopatrol_interfaces-0.0.0-py3.10.egg-info\n'}
[11.172353] (autopatrol_interfaces) StdoutLine: {'line': b'-- Installing: /home/zzs/workspace/ros2/ros2_study/chapt7/chapt7_ws/install/autopatrol_interfaces/local/lib/python3.10/dist-packages/autopatrol_interfaces-0.0.0-py3.10.egg-info/PKG-INFO\n'}
[11.176870] (autopatrol_interfaces) StdoutLine: {'line': b'-- Installing: /home/zzs/workspace/ros2/ros2_study/chapt7/chapt7_ws/install/autopatrol_interfaces/local/lib/python3.10/dist-packages/autopatrol_interfaces-0.0.0-py3.10.egg-info/dependency_links.txt\n'}
[11.177102] (autopatrol_interfaces) StdoutLine: {'line': b'-- Installing: /home/zzs/workspace/ros2/ros2_study/chapt7/chapt7_ws/install/autopatrol_interfaces/local/lib/python3.10/dist-packages/autopatrol_interfaces-0.0.0-py3.10.egg-info/SOURCES.txt\n'}
[11.177192] (autopatrol_interfaces) StdoutLine: {'line': b'-- Installing: /home/zzs/workspace/ros2/ros2_study/chapt7/chapt7_ws/install/autopatrol_interfaces/local/lib/python3.10/dist-packages/autopatrol_interfaces-0.0.0-py3.10.egg-info/top_level.txt\n'}
[11.177269] (autopatrol_interfaces) StdoutLine: {'line': b'-- Installing: /home/zzs/workspace/ros2/ros2_study/chapt7/chapt7_ws/install/autopatrol_interfaces/local/lib/python3.10/dist-packages/autopatrol_interfaces\n'}
[11.177343] (autopatrol_interfaces) StdoutLine: {'line': b'-- Installing: /home/zzs/workspace/ros2/ros2_study/chapt7/chapt7_ws/install/autopatrol_interfaces/local/lib/python3.10/dist-packages/autopatrol_interfaces/autopatrol_interfaces_s__rosidl_typesupport_fastrtps_c.cpython-310-x86_64-linux-gnu.so\n'}
[11.177421] (autopatrol_interfaces) StdoutLine: {'line': b'-- Installing: /home/zzs/workspace/ros2/ros2_study/chapt7/chapt7_ws/install/autopatrol_interfaces/local/lib/python3.10/dist-packages/autopatrol_interfaces/__init__.py\n'}
[11.177492] (autopatrol_interfaces) StdoutLine: {'line': b'-- Installing: /home/zzs/workspace/ros2/ros2_study/chapt7/chapt7_ws/install/autopatrol_interfaces/local/lib/python3.10/dist-packages/autopatrol_interfaces/_autopatrol_interfaces_s.ep.rosidl_typesupport_fastrtps_c.c\n'}
[11.178062] (autopatrol_interfaces) StdoutLine: {'line': b'-- Installing: /home/zzs/workspace/ros2/ros2_study/chapt7/chapt7_ws/install/autopatrol_interfaces/local/lib/python3.10/dist-packages/autopatrol_interfaces/_autopatrol_interfaces_s.ep.rosidl_typesupport_introspection_c.c\n'}
[11.178257] (autopatrol_interfaces) StdoutLine: {'line': b'-- Installing: /home/zzs/workspace/ros2/ros2_study/chapt7/chapt7_ws/install/autopatrol_interfaces/local/lib/python3.10/dist-packages/autopatrol_interfaces/autopatrol_interfaces_s__rosidl_typesupport_c.cpython-310-x86_64-linux-gnu.so\n'}
[11.178422] (autopatrol_interfaces) StdoutLine: {'line': b'-- Installing: /home/zzs/workspace/ros2/ros2_study/chapt7/chapt7_ws/install/autopatrol_interfaces/local/lib/python3.10/dist-packages/autopatrol_interfaces/srv\n'}
[11.178584] (autopatrol_interfaces) StdoutLine: {'line': b'-- Installing: /home/zzs/workspace/ros2/ros2_study/chapt7/chapt7_ws/install/autopatrol_interfaces/local/lib/python3.10/dist-packages/autopatrol_interfaces/srv/__init__.py\n'}
[11.178870] (autopatrol_interfaces) StdoutLine: {'line': b'-- Installing: /home/zzs/workspace/ros2/ros2_study/chapt7/chapt7_ws/install/autopatrol_interfaces/local/lib/python3.10/dist-packages/autopatrol_interfaces/srv/_speach_text_s.c\n'}
[11.179290] (autopatrol_interfaces) StdoutLine: {'line': b'-- Installing: /home/zzs/workspace/ros2/ros2_study/chapt7/chapt7_ws/install/autopatrol_interfaces/local/lib/python3.10/dist-packages/autopatrol_interfaces/srv/_speach_text.py\n'}
[11.179481] (autopatrol_interfaces) StdoutLine: {'line': b'-- Installing: /home/zzs/workspace/ros2/ros2_study/chapt7/chapt7_ws/install/autopatrol_interfaces/local/lib/python3.10/dist-packages/autopatrol_interfaces/autopatrol_interfaces_s__rosidl_typesupport_introspection_c.cpython-310-x86_64-linux-gnu.so\n'}
[11.179572] (autopatrol_interfaces) StdoutLine: {'line': b'-- Installing: /home/zzs/workspace/ros2/ros2_study/chapt7/chapt7_ws/install/autopatrol_interfaces/local/lib/python3.10/dist-packages/autopatrol_interfaces/libautopatrol_interfaces__rosidl_generator_py.so\n'}
[11.179782] (autopatrol_interfaces) StdoutLine: {'line': b'-- Installing: /home/zzs/workspace/ros2/ros2_study/chapt7/chapt7_ws/install/autopatrol_interfaces/local/lib/python3.10/dist-packages/autopatrol_interfaces/_autopatrol_interfaces_s.ep.rosidl_typesupport_c.c\n'}
[11.188309] (-) TimerEvent: {}
[11.243931] (autopatrol_interfaces) StdoutLine: {'line': b"Listing '/home/zzs/workspace/ros2/ros2_study/chapt7/chapt7_ws/install/autopatrol_interfaces/local/lib/python3.10/dist-packages/autopatrol_interfaces'...\n"}
[11.244145] (autopatrol_interfaces) StdoutLine: {'line': b"Compiling '/home/zzs/workspace/ros2/ros2_study/chapt7/chapt7_ws/install/autopatrol_interfaces/local/lib/python3.10/dist-packages/autopatrol_interfaces/__init__.py'...\n"}
[11.244203] (autopatrol_interfaces) StdoutLine: {'line': b"Listing '/home/zzs/workspace/ros2/ros2_study/chapt7/chapt7_ws/install/autopatrol_interfaces/local/lib/python3.10/dist-packages/autopatrol_interfaces/srv'...\n"}
[11.244353] (autopatrol_interfaces) StdoutLine: {'line': b"Compiling '/home/zzs/workspace/ros2/ros2_study/chapt7/chapt7_ws/install/autopatrol_interfaces/local/lib/python3.10/dist-packages/autopatrol_interfaces/srv/__init__.py'...\n"}
[11.244406] (autopatrol_interfaces) StdoutLine: {'line': b"Compiling '/home/zzs/workspace/ros2/ros2_study/chapt7/chapt7_ws/install/autopatrol_interfaces/local/lib/python3.10/dist-packages/autopatrol_interfaces/srv/_speach_text.py'...\n"}
[11.247454] (autopatrol_interfaces) StdoutLine: {'line': b'-- Installing: /home/zzs/workspace/ros2/ros2_study/chapt7/chapt7_ws/install/autopatrol_interfaces/local/lib/python3.10/dist-packages/autopatrol_interfaces/autopatrol_interfaces_s__rosidl_typesupport_fastrtps_c.cpython-310-x86_64-linux-gnu.so\n'}
[11.248114] (autopatrol_interfaces) StdoutLine: {'line': b'-- Set runtime path of "/home/zzs/workspace/ros2/ros2_study/chapt7/chapt7_ws/install/autopatrol_interfaces/local/lib/python3.10/dist-packages/autopatrol_interfaces/autopatrol_interfaces_s__rosidl_typesupport_fastrtps_c.cpython-310-x86_64-linux-gnu.so" to ""\n'}
[11.248678] (autopatrol_interfaces) StdoutLine: {'line': b'-- Installing: /home/zzs/workspace/ros2/ros2_study/chapt7/chapt7_ws/install/autopatrol_interfaces/local/lib/python3.10/dist-packages/autopatrol_interfaces/autopatrol_interfaces_s__rosidl_typesupport_introspection_c.cpython-310-x86_64-linux-gnu.so\n'}
[11.249684] (autopatrol_interfaces) StdoutLine: {'line': b'-- Set runtime path of "/home/zzs/workspace/ros2/ros2_study/chapt7/chapt7_ws/install/autopatrol_interfaces/local/lib/python3.10/dist-packages/autopatrol_interfaces/autopatrol_interfaces_s__rosidl_typesupport_introspection_c.cpython-310-x86_64-linux-gnu.so" to ""\n'}
[11.250173] (autopatrol_interfaces) StdoutLine: {'line': b'-- Installing: /home/zzs/workspace/ros2/ros2_study/chapt7/chapt7_ws/install/autopatrol_interfaces/local/lib/python3.10/dist-packages/autopatrol_interfaces/autopatrol_interfaces_s__rosidl_typesupport_c.cpython-310-x86_64-linux-gnu.so\n'}
[11.250835] (autopatrol_interfaces) StdoutLine: {'line': b'-- Set runtime path of "/home/zzs/workspace/ros2/ros2_study/chapt7/chapt7_ws/install/autopatrol_interfaces/local/lib/python3.10/dist-packages/autopatrol_interfaces/autopatrol_interfaces_s__rosidl_typesupport_c.cpython-310-x86_64-linux-gnu.so" to ""\n'}
[11.251154] (autopatrol_interfaces) StdoutLine: {'line': b'-- Installing: /home/zzs/workspace/ros2/ros2_study/chapt7/chapt7_ws/install/autopatrol_interfaces/lib/libautopatrol_interfaces__rosidl_generator_py.so\n'}
[11.251919] (autopatrol_interfaces) StdoutLine: {'line': b'-- Set runtime path of "/home/zzs/workspace/ros2/ros2_study/chapt7/chapt7_ws/install/autopatrol_interfaces/lib/libautopatrol_interfaces__rosidl_generator_py.so" to ""\n'}
[11.252099] (autopatrol_interfaces) StdoutLine: {'line': b'-- Installing: /home/zzs/workspace/ros2/ros2_study/chapt7/chapt7_ws/install/autopatrol_interfaces/share/ament_index/resource_index/rust_packages/autopatrol_interfaces\n'}
[11.252386] (autopatrol_interfaces) StdoutLine: {'line': b'-- Installing: /home/zzs/workspace/ros2/ros2_study/chapt7/chapt7_ws/install/autopatrol_interfaces/share/autopatrol_interfaces/rust\n'}
[11.252674] (autopatrol_interfaces) StdoutLine: {'line': b'-- Installing: /home/zzs/workspace/ros2/ros2_study/chapt7/chapt7_ws/install/autopatrol_interfaces/share/autopatrol_interfaces/rust/src\n'}
[11.252878] (autopatrol_interfaces) StdoutLine: {'line': b'-- Installing: /home/zzs/workspace/ros2/ros2_study/chapt7/chapt7_ws/install/autopatrol_interfaces/share/autopatrol_interfaces/rust/src/lib.rs\n'}
[11.253513] (autopatrol_interfaces) StdoutLine: {'line': b'-- Installing: /home/zzs/workspace/ros2/ros2_study/chapt7/chapt7_ws/install/autopatrol_interfaces/share/autopatrol_interfaces/rust/src/srv\n'}
[11.253691] (autopatrol_interfaces) StdoutLine: {'line': b'-- Installing: /home/zzs/workspace/ros2/ros2_study/chapt7/chapt7_ws/install/autopatrol_interfaces/share/autopatrol_interfaces/rust/src/srv/rmw.rs\n'}
[11.253747] (autopatrol_interfaces) StdoutLine: {'line': b'-- Installing: /home/zzs/workspace/ros2/ros2_study/chapt7/chapt7_ws/install/autopatrol_interfaces/share/autopatrol_interfaces/rust/src/srv.rs\n'}
[11.253792] (autopatrol_interfaces) StdoutLine: {'line': b'-- Installing: /home/zzs/workspace/ros2/ros2_study/chapt7/chapt7_ws/install/autopatrol_interfaces/share/autopatrol_interfaces/rust/Cargo.toml\n'}
[11.254337] (autopatrol_interfaces) StdoutLine: {'line': b'-- Installing: /home/zzs/workspace/ros2/ros2_study/chapt7/chapt7_ws/install/autopatrol_interfaces/share/autopatrol_interfaces/rust/build.rs\n'}
[11.254756] (autopatrol_interfaces) StdoutLine: {'line': b'-- Installing: /home/zzs/workspace/ros2/ros2_study/chapt7/chapt7_ws/install/autopatrol_interfaces/share/autopatrol_interfaces/srv/SpeachText.idl\n'}
[11.255258] (autopatrol_interfaces) StdoutLine: {'line': b'-- Installing: /home/zzs/workspace/ros2/ros2_study/chapt7/chapt7_ws/install/autopatrol_interfaces/share/autopatrol_interfaces/srv/SpeachText.srv\n'}
[11.255391] (autopatrol_interfaces) StdoutLine: {'line': b'-- Installing: /home/zzs/workspace/ros2/ros2_study/chapt7/chapt7_ws/install/autopatrol_interfaces/share/autopatrol_interfaces/srv/SpeachText_Request.msg\n'}
[11.255444] (autopatrol_interfaces) StdoutLine: {'line': b'-- Installing: /home/zzs/workspace/ros2/ros2_study/chapt7/chapt7_ws/install/autopatrol_interfaces/share/autopatrol_interfaces/srv/SpeachText_Response.msg\n'}
[11.257296] (autopatrol_interfaces) StdoutLine: {'line': b'-- Installing: /home/zzs/workspace/ros2/ros2_study/chapt7/chapt7_ws/install/autopatrol_interfaces/share/ament_index/resource_index/package_run_dependencies/autopatrol_interfaces\n'}
[11.257475] (autopatrol_interfaces) StdoutLine: {'line': b'-- Installing: /home/zzs/workspace/ros2/ros2_study/chapt7/chapt7_ws/install/autopatrol_interfaces/share/ament_index/resource_index/parent_prefix_path/autopatrol_interfaces\n'}
[11.257737] (autopatrol_interfaces) StdoutLine: {'line': b'-- Installing: /home/zzs/workspace/ros2/ros2_study/chapt7/chapt7_ws/install/autopatrol_interfaces/share/autopatrol_interfaces/environment/ament_prefix_path.sh\n'}
[11.257922] (autopatrol_interfaces) StdoutLine: {'line': b'-- Installing: /home/zzs/workspace/ros2/ros2_study/chapt7/chapt7_ws/install/autopatrol_interfaces/share/autopatrol_interfaces/environment/ament_prefix_path.dsv\n'}
[11.257974] (autopatrol_interfaces) StdoutLine: {'line': b'-- Installing: /home/zzs/workspace/ros2/ros2_study/chapt7/chapt7_ws/install/autopatrol_interfaces/share/autopatrol_interfaces/environment/path.sh\n'}
[11.258018] (autopatrol_interfaces) StdoutLine: {'line': b'-- Installing: /home/zzs/workspace/ros2/ros2_study/chapt7/chapt7_ws/install/autopatrol_interfaces/share/autopatrol_interfaces/environment/path.dsv\n'}
[11.258533] (autopatrol_interfaces) StdoutLine: {'line': b'-- Installing: /home/zzs/workspace/ros2/ros2_study/chapt7/chapt7_ws/install/autopatrol_interfaces/share/autopatrol_interfaces/local_setup.bash\n'}
[11.259230] (autopatrol_interfaces) StdoutLine: {'line': b'-- Installing: /home/zzs/workspace/ros2/ros2_study/chapt7/chapt7_ws/install/autopatrol_interfaces/share/autopatrol_interfaces/local_setup.sh\n'}
[11.259401] (autopatrol_interfaces) StdoutLine: {'line': b'-- Installing: /home/zzs/workspace/ros2/ros2_study/chapt7/chapt7_ws/install/autopatrol_interfaces/share/autopatrol_interfaces/local_setup.zsh\n'}
[11.259459] (autopatrol_interfaces) StdoutLine: {'line': b'-- Installing: /home/zzs/workspace/ros2/ros2_study/chapt7/chapt7_ws/install/autopatrol_interfaces/share/autopatrol_interfaces/local_setup.dsv\n'}
[11.260389] (autopatrol_interfaces) StdoutLine: {'line': b'-- Installing: /home/zzs/workspace/ros2/ros2_study/chapt7/chapt7_ws/install/autopatrol_interfaces/share/autopatrol_interfaces/package.dsv\n'}
[11.260490] (autopatrol_interfaces) StdoutLine: {'line': b'-- Installing: /home/zzs/workspace/ros2/ros2_study/chapt7/chapt7_ws/install/autopatrol_interfaces/share/ament_index/resource_index/packages/autopatrol_interfaces\n'}
[11.260557] (autopatrol_interfaces) StdoutLine: {'line': b'-- Installing: /home/zzs/workspace/ros2/ros2_study/chapt7/chapt7_ws/install/autopatrol_interfaces/share/autopatrol_interfaces/cmake/export_autopatrol_interfaces__rosidl_generator_cExport.cmake\n'}
[11.260879] (autopatrol_interfaces) StdoutLine: {'line': b'-- Installing: /home/zzs/workspace/ros2/ros2_study/chapt7/chapt7_ws/install/autopatrol_interfaces/share/autopatrol_interfaces/cmake/export_autopatrol_interfaces__rosidl_generator_cExport-noconfig.cmake\n'}
[11.261017] (autopatrol_interfaces) StdoutLine: {'line': b'-- Installing: /home/zzs/workspace/ros2/ros2_study/chapt7/chapt7_ws/install/autopatrol_interfaces/share/autopatrol_interfaces/cmake/export_autopatrol_interfaces__rosidl_typesupport_fastrtps_cExport.cmake\n'}
[11.261403] (autopatrol_interfaces) StdoutLine: {'line': b'-- Installing: /home/zzs/workspace/ros2/ros2_study/chapt7/chapt7_ws/install/autopatrol_interfaces/share/autopatrol_interfaces/cmake/export_autopatrol_interfaces__rosidl_typesupport_fastrtps_cExport-noconfig.cmake\n'}
[11.261537] (autopatrol_interfaces) StdoutLine: {'line': b'-- Installing: /home/zzs/workspace/ros2/ros2_study/chapt7/chapt7_ws/install/autopatrol_interfaces/share/autopatrol_interfaces/cmake/autopatrol_interfaces__rosidl_typesupport_introspection_cExport.cmake\n'}
[11.261586] (autopatrol_interfaces) StdoutLine: {'line': b'-- Installing: /home/zzs/workspace/ros2/ros2_study/chapt7/chapt7_ws/install/autopatrol_interfaces/share/autopatrol_interfaces/cmake/autopatrol_interfaces__rosidl_typesupport_introspection_cExport-noconfig.cmake\n'}
[11.261807] (autopatrol_interfaces) StdoutLine: {'line': b'-- Installing: /home/zzs/workspace/ros2/ros2_study/chapt7/chapt7_ws/install/autopatrol_interfaces/share/autopatrol_interfaces/cmake/autopatrol_interfaces__rosidl_typesupport_cExport.cmake\n'}
[11.261870] (autopatrol_interfaces) StdoutLine: {'line': b'-- Installing: /home/zzs/workspace/ros2/ros2_study/chapt7/chapt7_ws/install/autopatrol_interfaces/share/autopatrol_interfaces/cmake/autopatrol_interfaces__rosidl_typesupport_cExport-noconfig.cmake\n'}
[11.262790] (autopatrol_interfaces) StdoutLine: {'line': b'-- Installing: /home/zzs/workspace/ros2/ros2_study/chapt7/chapt7_ws/install/autopatrol_interfaces/share/autopatrol_interfaces/cmake/export_autopatrol_interfaces__rosidl_generator_cppExport.cmake\n'}
[11.262924] (autopatrol_interfaces) StdoutLine: {'line': b'-- Installing: /home/zzs/workspace/ros2/ros2_study/chapt7/chapt7_ws/install/autopatrol_interfaces/share/autopatrol_interfaces/cmake/export_autopatrol_interfaces__rosidl_typesupport_fastrtps_cppExport.cmake\n'}
[11.262978] (autopatrol_interfaces) StdoutLine: {'line': b'-- Installing: /home/zzs/workspace/ros2/ros2_study/chapt7/chapt7_ws/install/autopatrol_interfaces/share/autopatrol_interfaces/cmake/export_autopatrol_interfaces__rosidl_typesupport_fastrtps_cppExport-noconfig.cmake\n'}
[11.263202] (autopatrol_interfaces) StdoutLine: {'line': b'-- Installing: /home/zzs/workspace/ros2/ros2_study/chapt7/chapt7_ws/install/autopatrol_interfaces/share/autopatrol_interfaces/cmake/autopatrol_interfaces__rosidl_typesupport_introspection_cppExport.cmake\n'}
[11.263325] (autopatrol_interfaces) StdoutLine: {'line': b'-- Installing: /home/zzs/workspace/ros2/ros2_study/chapt7/chapt7_ws/install/autopatrol_interfaces/share/autopatrol_interfaces/cmake/autopatrol_interfaces__rosidl_typesupport_introspection_cppExport-noconfig.cmake\n'}
[11.263375] (autopatrol_interfaces) StdoutLine: {'line': b'-- Installing: /home/zzs/workspace/ros2/ros2_study/chapt7/chapt7_ws/install/autopatrol_interfaces/share/autopatrol_interfaces/cmake/autopatrol_interfaces__rosidl_typesupport_cppExport.cmake\n'}
[11.263740] (autopatrol_interfaces) StdoutLine: {'line': b'-- Installing: /home/zzs/workspace/ros2/ros2_study/chapt7/chapt7_ws/install/autopatrol_interfaces/share/autopatrol_interfaces/cmake/autopatrol_interfaces__rosidl_typesupport_cppExport-noconfig.cmake\n'}
[11.264271] (autopatrol_interfaces) StdoutLine: {'line': b'-- Installing: /home/zzs/workspace/ros2/ros2_study/chapt7/chapt7_ws/install/autopatrol_interfaces/share/autopatrol_interfaces/cmake/export_autopatrol_interfaces__rosidl_generator_pyExport.cmake\n'}
[11.264327] (autopatrol_interfaces) StdoutLine: {'line': b'-- Installing: /home/zzs/workspace/ros2/ros2_study/chapt7/chapt7_ws/install/autopatrol_interfaces/share/autopatrol_interfaces/cmake/export_autopatrol_interfaces__rosidl_generator_pyExport-noconfig.cmake\n'}
[11.264759] (autopatrol_interfaces) StdoutLine: {'line': b'-- Installing: /home/zzs/workspace/ros2/ros2_study/chapt7/chapt7_ws/install/autopatrol_interfaces/share/autopatrol_interfaces/cmake/rosidl_cmake-extras.cmake\n'}
[11.265178] (autopatrol_interfaces) StdoutLine: {'line': b'-- Installing: /home/zzs/workspace/ros2/ros2_study/chapt7/chapt7_ws/install/autopatrol_interfaces/share/autopatrol_interfaces/cmake/ament_cmake_export_include_directories-extras.cmake\n'}
[11.265280] (autopatrol_interfaces) StdoutLine: {'line': b'-- Installing: /home/zzs/workspace/ros2/ros2_study/chapt7/chapt7_ws/install/autopatrol_interfaces/share/autopatrol_interfaces/cmake/ament_cmake_export_libraries-extras.cmake\n'}
[11.265823] (autopatrol_interfaces) StdoutLine: {'line': b'-- Installing: /home/zzs/workspace/ros2/ros2_study/chapt7/chapt7_ws/install/autopatrol_interfaces/share/autopatrol_interfaces/cmake/ament_cmake_export_targets-extras.cmake\n'}
[11.265948] (autopatrol_interfaces) StdoutLine: {'line': b'-- Installing: /home/zzs/workspace/ros2/ros2_study/chapt7/chapt7_ws/install/autopatrol_interfaces/share/autopatrol_interfaces/cmake/rosidl_cmake_export_typesupport_targets-extras.cmake\n'}
[11.266099] (autopatrol_interfaces) StdoutLine: {'line': b'-- Installing: /home/zzs/workspace/ros2/ros2_study/chapt7/chapt7_ws/install/autopatrol_interfaces/share/autopatrol_interfaces/cmake/ament_cmake_export_dependencies-extras.cmake\n'}
[11.266574] (autopatrol_interfaces) StdoutLine: {'line': b'-- Installing: /home/zzs/workspace/ros2/ros2_study/chapt7/chapt7_ws/install/autopatrol_interfaces/share/autopatrol_interfaces/cmake/rosidl_cmake_export_typesupport_libraries-extras.cmake\n'}
[11.267049] (autopatrol_interfaces) StdoutLine: {'line': b'-- Installing: /home/zzs/workspace/ros2/ros2_study/chapt7/chapt7_ws/install/autopatrol_interfaces/share/autopatrol_interfaces/cmake/rosidl_cmake_aggregate_target-extras.cmake\n'}
[11.267124] (autopatrol_interfaces) StdoutLine: {'line': b'-- Installing: /home/zzs/workspace/ros2/ros2_study/chapt7/chapt7_ws/install/autopatrol_interfaces/share/autopatrol_interfaces/cmake/autopatrol_interfacesConfig.cmake\n'}
[11.267605] (autopatrol_interfaces) StdoutLine: {'line': b'-- Installing: /home/zzs/workspace/ros2/ros2_study/chapt7/chapt7_ws/install/autopatrol_interfaces/share/autopatrol_interfaces/cmake/autopatrol_interfacesConfig-version.cmake\n'}
[11.267747] (autopatrol_interfaces) StdoutLine: {'line': b'-- Installing: /home/zzs/workspace/ros2/ros2_study/chapt7/chapt7_ws/install/autopatrol_interfaces/share/autopatrol_interfaces/package.xml\n'}
[11.272195] (autopatrol_interfaces) CommandEnded: {'returncode': 0}
[11.290441] (-) TimerEvent: {}
[11.293908] (autopatrol_interfaces) JobEnded: {'identifier': 'autopatrol_interfaces', 'rc': 0}
[11.295096] (-) EventReactorShutdown: {}
